﻿<?xml version="1.0" encoding="utf-8"?>
<abapGit version="v1.0.0" serializer="LCL_OBJECT_CLAS" serializer_version="v1.0.0">
 <asx:abap xmlns:asx="http://www.sap.com/abapxml" version="1.0">
  <asx:values>
   <VSEOCLASS>
    <CLSNAME>ZCL_HARDCODE_SHM</CLSNAME>
    <VERSION>1</VERSION>
    <LANGU>F</LANGU>
    <DESCRIPT>Hardcode - GestionSHM</DESCRIPT>
    <STATE>1</STATE>
    <CLSFINAL>X</CLSFINAL>
    <CLSCCINCL>X</CLSCCINCL>
    <FIXPT>X</FIXPT>
    <UNICODE>X</UNICODE>
   </VSEOCLASS>
   <TPOOL/>
   <DESCRIPTIONS>
    <SEOCOMPOTX>
     <CLSNAME>ZCL_HARDCODE_SHM</CLSNAME>
     <CMPNAME>CLASS_CONSTRUCTOR</CMPNAME>
     <LANGU>F</LANGU>
     <DESCRIPT>CLASS_CONSTRUCTOR</DESCRIPT>
    </SEOCOMPOTX>
    <SEOCOMPOTX>
     <CLSNAME>ZCL_HARDCODE_SHM</CLSNAME>
     <CMPNAME>CONSTRUCTOR</CMPNAME>
     <LANGU>F</LANGU>
     <DESCRIPT>CONSTRUCTOR</DESCRIPT>
    </SEOCOMPOTX>
    <SEOCOMPOTX>
     <CLSNAME>ZCL_HARDCODE_SHM</CLSNAME>
     <CMPNAME>GET_INSTANCE</CMPNAME>
     <LANGU>F</LANGU>
     <DESCRIPT>Hardcode - SHM - Récupération Instance</DESCRIPT>
    </SEOCOMPOTX>
    <SEOCOMPOTX>
     <CLSNAME>ZCL_HARDCODE_SHM</CLSNAME>
     <CMPNAME>HARDCODE_FINISH</CMPNAME>
     <LANGU>F</LANGU>
     <DESCRIPT>Hardcode - SHM - Libération Token</DESCRIPT>
    </SEOCOMPOTX>
    <SEOCOMPOTX>
     <CLSNAME>ZCL_HARDCODE_SHM</CLSNAME>
     <CMPNAME>HARDCODE_GET</CMPNAME>
     <LANGU>F</LANGU>
     <DESCRIPT>Hardcode - SHM - Récupération</DESCRIPT>
    </SEOCOMPOTX>
    <SEOCOMPOTX>
     <CLSNAME>ZCL_HARDCODE_SHM</CLSNAME>
     <CMPNAME>HARDCODE_IS_LOAD</CMPNAME>
     <LANGU>F</LANGU>
     <DESCRIPT>Hardcode - SHM - Présent en SHM ?</DESCRIPT>
    </SEOCOMPOTX>
    <SEOCOMPOTX>
     <CLSNAME>ZCL_HARDCODE_SHM</CLSNAME>
     <CMPNAME>HARDCODE_RELOAD</CMPNAME>
     <LANGU>F</LANGU>
     <DESCRIPT>Hardcode - SHM - Recharge</DESCRIPT>
    </SEOCOMPOTX>
    <SEOCOMPOTX>
     <CLSNAME>ZCL_HARDCODE_SHM</CLSNAME>
     <CMPNAME>HARDCODE_UNLOAD</CMPNAME>
     <LANGU>F</LANGU>
     <DESCRIPT>Hardcode - SHM - Libération Instance</DESCRIPT>
    </SEOCOMPOTX>
    <SEOCOMPOTX>
     <CLSNAME>ZCL_HARDCODE_SHM</CLSNAME>
     <CMPNAME>HARDCODE_VALIDITY_CHECK</CMPNAME>
     <LANGU>F</LANGU>
     <DESCRIPT>Hardcode - SHM - Contrôle validité</DESCRIPT>
    </SEOCOMPOTX>
    <SEOCOMPOTX>
     <CLSNAME>ZCL_HARDCODE_SHM</CLSNAME>
     <CMPNAME>_HARDCODE_RELOAD</CMPNAME>
     <LANGU>F</LANGU>
     <DESCRIPT>Internal Use : Hardcode - SHM - Recharge</DESCRIPT>
    </SEOCOMPOTX>
    <SEOCOMPOTX>
     <CLSNAME>ZCL_HARDCODE_SHM</CLSNAME>
     <CMPNAME>_RELOAD</CMPNAME>
     <LANGU>F</LANGU>
     <DESCRIPT>Internal Use : Recharge Instance SHM</DESCRIPT>
    </SEOCOMPOTX>
    <SEOCOMPOTX>
     <CLSNAME>ZCL_HARDCODE_SHM</CLSNAME>
     <CMPNAME>__RAISE_EXCEPTION</CMPNAME>
     <LANGU>F</LANGU>
     <DESCRIPT>Internal Use : Lève une Exception</DESCRIPT>
    </SEOCOMPOTX>
   </DESCRIPTIONS>
  </asx:values>
 </asx:abap>
</abapGit>
