﻿<?xml version="1.0" encoding="utf-8"?>
<abapGit version="v1.0.0" serializer="LCL_OBJECT_CLAS" serializer_version="v1.0.0">
 <asx:abap xmlns:asx="http://www.sap.com/abapxml" version="1.0">
  <asx:values>
   <VSEOCLASS>
    <CLSNAME>ZCL_GUI_ALV_TREE_UTIL</CLSNAME>
    <VERSION>1</VERSION>
    <LANGU>F</LANGU>
    <DESCRIPT>Classe utilitaire pour ALV Tree</DESCRIPT>
    <EXPOSURE>2</EXPOSURE>
    <STATE>1</STATE>
    <CLSFINAL>X</CLSFINAL>
    <CLSCCINCL>X</CLSCCINCL>
    <FIXPT>X</FIXPT>
    <UNICODE>X</UNICODE>
   </VSEOCLASS>
   <TPOOL/>
   <DESCRIPTIONS>
    <SEOCOMPOTX>
     <CLSNAME>ZCL_GUI_ALV_TREE_UTIL</CLSNAME>
     <CMPNAME>ADD_TO_APPROPRIATE_NODE</CMPNAME>
     <LANGU>F</LANGU>
     <DESCRIPT>Ajout dans le Noeud approprié</DESCRIPT>
    </SEOCOMPOTX>
    <SEOCOMPOTX>
     <CLSNAME>ZCL_GUI_ALV_TREE_UTIL</CLSNAME>
     <CMPNAME>ALV_TREE_POPULATE</CMPNAME>
     <LANGU>F</LANGU>
     <DESCRIPT>Alimentation de l&apos;ALV (Manuel)</DESCRIPT>
    </SEOCOMPOTX>
    <SEOCOMPOTX>
     <CLSNAME>ZCL_GUI_ALV_TREE_UTIL</CLSNAME>
     <CMPNAME>ALV_TREE_POPULATE_AUTO</CMPNAME>
     <LANGU>F</LANGU>
     <DESCRIPT>Alimentation de l&apos;ALV (Automatique)</DESCRIPT>
    </SEOCOMPOTX>
    <SEOCOMPOTX>
     <CLSNAME>ZCL_GUI_ALV_TREE_UTIL</CLSNAME>
     <CMPNAME>CONSTRUCTOR</CMPNAME>
     <LANGU>F</LANGU>
     <DESCRIPT>CONSTRUCTOR</DESCRIPT>
    </SEOCOMPOTX>
    <SEOCOMPOTX>
     <CLSNAME>ZCL_GUI_ALV_TREE_UTIL</CLSNAME>
     <CMPNAME>DISPLAY_DATA_SET</CMPNAME>
     <LANGU>F</LANGU>
     <DESCRIPT>Initialisation des données à afficher</DESCRIPT>
    </SEOCOMPOTX>
    <SEOCOMPOTX>
     <CLSNAME>ZCL_GUI_ALV_TREE_UTIL</CLSNAME>
     <CMPNAME>EXPORT_TO_EXCEL</CMPNAME>
     <LANGU>F</LANGU>
     <DESCRIPT>Export des données sous Excel</DESCRIPT>
    </SEOCOMPOTX>
    <SEOCOMPOTX>
     <CLSNAME>ZCL_GUI_ALV_TREE_UTIL</CLSNAME>
     <CMPNAME>HIERARCHY_USAGE</CMPNAME>
     <LANGU>F</LANGU>
     <DESCRIPT>Exploitation de la Hiérarchie</DESCRIPT>
    </SEOCOMPOTX>
    <SEOCOMPOTX>
     <CLSNAME>ZCL_GUI_ALV_TREE_UTIL</CLSNAME>
     <CMPNAME>MO_ALV_TREE</CMPNAME>
     <LANGU>F</LANGU>
     <DESCRIPT>ALV Tree Control</DESCRIPT>
    </SEOCOMPOTX>
    <SEOCOMPOTX>
     <CLSNAME>ZCL_GUI_ALV_TREE_UTIL</CLSNAME>
     <CMPNAME>NODE_ADD_RECURSIVE</CMPNAME>
     <LANGU>F</LANGU>
     <DESCRIPT>Création du Noeud (Récursif)</DESCRIPT>
    </SEOCOMPOTX>
    <SEOCOMPOTX>
     <CLSNAME>ZCL_GUI_ALV_TREE_UTIL</CLSNAME>
     <CMPNAME>NODE_DATA_ADD</CMPNAME>
     <LANGU>F</LANGU>
     <DESCRIPT>Ajout d&apos;élèments dans le Noeud</DESCRIPT>
    </SEOCOMPOTX>
   </DESCRIPTIONS>
  </asx:values>
 </asx:abap>
</abapGit>
