﻿<?xml version="1.0" encoding="utf-8"?>
<abapGit version="v1.0.0" serializer="LCL_OBJECT_CLAS" serializer_version="v1.0.0">
 <asx:abap xmlns:asx="http://www.sap.com/abapxml" version="1.0">
  <asx:values>
   <VSEOCLASS>
    <CLSNAME>ZCL_HARDCODE_CLUSTER</CLSNAME>
    <VERSION>1</VERSION>
    <LANGU>F</LANGU>
    <DESCRIPT>Hardcode - Cluster</DESCRIPT>
    <STATE>1</STATE>
    <CLSFINAL>X</CLSFINAL>
    <CLSCCINCL>X</CLSCCINCL>
    <FIXPT>X</FIXPT>
    <UNICODE>X</UNICODE>
   </VSEOCLASS>
   <TPOOL/>
   <DESCRIPTIONS>
    <SEOCOMPOTX>
     <CLSNAME>ZCL_HARDCODE_CLUSTER</CLSNAME>
     <CMPNAME>CODE_SOURCE_ADD</CMPNAME>
     <LANGU>F</LANGU>
     <DESCRIPT>Hardcode - Code Source - Ajout</DESCRIPT>
    </SEOCOMPOTX>
    <SEOCOMPOTX>
     <CLSNAME>ZCL_HARDCODE_CLUSTER</CLSNAME>
     <CMPNAME>CODE_SOURCE_DEL</CMPNAME>
     <LANGU>F</LANGU>
     <DESCRIPT>Hardcode - Code Source - Suppression</DESCRIPT>
    </SEOCOMPOTX>
    <SEOCOMPOTX>
     <CLSNAME>ZCL_HARDCODE_CLUSTER</CLSNAME>
     <CMPNAME>CODE_SOURCE_GET</CMPNAME>
     <LANGU>F</LANGU>
     <DESCRIPT>Hardcode - Code Source - Récupération</DESCRIPT>
    </SEOCOMPOTX>
   </DESCRIPTIONS>
  </asx:values>
 </asx:abap>
</abapGit>
