﻿<?xml version="1.0" encoding="utf-8"?>
<abapGit version="v1.0.0" serializer="LCL_OBJECT_CLAS" serializer_version="v1.0.0">
 <asx:abap xmlns:asx="http://www.sap.com/abapxml" version="1.0">
  <asx:values>
   <VSEOCLASS>
    <CLSNAME>ZCL_HARDCODE_SHM_AREA</CLSNAME>
    <VERSION>1</VERSION>
    <LANGU>F</LANGU>
    <DESCRIPT>Hardcode - Mémoire partagée</DESCRIPT>
    <CATEGORY>45</CATEGORY>
    <STATE>1</STATE>
    <CLSFINAL>X</CLSFINAL>
    <CLSCCINCL>X</CLSCCINCL>
    <FIXPT>X</FIXPT>
    <UNICODE>X</UNICODE>
    <RSTAT>S</RSTAT>
   </VSEOCLASS>
   <TPOOL/>
   <DESCRIPTIONS>
    <SEOCOMPOTX>
     <CLSNAME>ZCL_HARDCODE_SHM_AREA</CLSNAME>
     <CMPNAME>AREA_NAME</CMPNAME>
     <LANGU>F</LANGU>
     <DESCRIPT>Name of an Area Class</DESCRIPT>
    </SEOCOMPOTX>
    <SEOCOMPOTX>
     <CLSNAME>ZCL_HARDCODE_SHM_AREA</CLSNAME>
     <CMPNAME>ATTACH_FOR_READ</CMPNAME>
     <LANGU>F</LANGU>
     <DESCRIPT>Request a Read Lock</DESCRIPT>
    </SEOCOMPOTX>
    <SEOCOMPOTX>
     <CLSNAME>ZCL_HARDCODE_SHM_AREA</CLSNAME>
     <CMPNAME>ATTACH_FOR_UPDATE</CMPNAME>
     <LANGU>F</LANGU>
     <DESCRIPT>Request a Change Lock</DESCRIPT>
    </SEOCOMPOTX>
    <SEOCOMPOTX>
     <CLSNAME>ZCL_HARDCODE_SHM_AREA</CLSNAME>
     <CMPNAME>ATTACH_FOR_WRITE</CMPNAME>
     <LANGU>F</LANGU>
     <DESCRIPT>Request a Write Lock</DESCRIPT>
    </SEOCOMPOTX>
    <SEOCOMPOTX>
     <CLSNAME>ZCL_HARDCODE_SHM_AREA</CLSNAME>
     <CMPNAME>BUILD</CMPNAME>
     <LANGU>F</LANGU>
     <DESCRIPT>Direct Call of Area Constructor</DESCRIPT>
    </SEOCOMPOTX>
    <SEOCOMPOTX>
     <CLSNAME>ZCL_HARDCODE_SHM_AREA</CLSNAME>
     <CMPNAME>CLASS_CONSTRUCTOR</CMPNAME>
     <LANGU>F</LANGU>
     <DESCRIPT>CLASS_CONSTRUCTOR</DESCRIPT>
    </SEOCOMPOTX>
    <SEOCOMPOTX>
     <CLSNAME>ZCL_HARDCODE_SHM_AREA</CLSNAME>
     <CMPNAME>DETACH_AREA</CMPNAME>
     <LANGU>F</LANGU>
     <DESCRIPT>Release all locks on all instances</DESCRIPT>
    </SEOCOMPOTX>
    <SEOCOMPOTX>
     <CLSNAME>ZCL_HARDCODE_SHM_AREA</CLSNAME>
     <CMPNAME>FREE_AREA</CMPNAME>
     <LANGU>F</LANGU>
     <DESCRIPT>Delete all instances</DESCRIPT>
    </SEOCOMPOTX>
    <SEOCOMPOTX>
     <CLSNAME>ZCL_HARDCODE_SHM_AREA</CLSNAME>
     <CMPNAME>FREE_INSTANCE</CMPNAME>
     <LANGU>F</LANGU>
     <DESCRIPT>Deletion of an Instance</DESCRIPT>
    </SEOCOMPOTX>
    <SEOCOMPOTX>
     <CLSNAME>ZCL_HARDCODE_SHM_AREA</CLSNAME>
     <CMPNAME>GET_GENERATOR_VERSION</CMPNAME>
     <LANGU>F</LANGU>
     <DESCRIPT>Query Generator Version</DESCRIPT>
    </SEOCOMPOTX>
    <SEOCOMPOTX>
     <CLSNAME>ZCL_HARDCODE_SHM_AREA</CLSNAME>
     <CMPNAME>GET_INSTANCE_INFOS</CMPNAME>
     <LANGU>F</LANGU>
     <DESCRIPT>Returns the names of all instances</DESCRIPT>
    </SEOCOMPOTX>
    <SEOCOMPOTX>
     <CLSNAME>ZCL_HARDCODE_SHM_AREA</CLSNAME>
     <CMPNAME>INVALIDATE_AREA</CMPNAME>
     <LANGU>F</LANGU>
     <DESCRIPT>Active versions of all instances will be set to obsolete</DESCRIPT>
    </SEOCOMPOTX>
    <SEOCOMPOTX>
     <CLSNAME>ZCL_HARDCODE_SHM_AREA</CLSNAME>
     <CMPNAME>INVALIDATE_INSTANCE</CMPNAME>
     <LANGU>F</LANGU>
     <DESCRIPT>Active version of one instance will be set to obsolete</DESCRIPT>
    </SEOCOMPOTX>
    <SEOCOMPOTX>
     <CLSNAME>ZCL_HARDCODE_SHM_AREA</CLSNAME>
     <CMPNAME>ROOT</CMPNAME>
     <LANGU>F</LANGU>
     <DESCRIPT>SHM: Model of a Data Class</DESCRIPT>
    </SEOCOMPOTX>
    <SEOCOMPOTX>
     <CLSNAME>ZCL_HARDCODE_SHM_AREA</CLSNAME>
     <CMPNAME>SET_ROOT</CMPNAME>
     <LANGU>F</LANGU>
     <DESCRIPT>Sets Root Objects</DESCRIPT>
    </SEOCOMPOTX>
    <SEOCOMPOTX>
     <CLSNAME>ZCL_HARDCODE_SHM_AREA</CLSNAME>
     <CMPNAME>_LIFE_CONTEXT</CMPNAME>
     <LANGU>F</LANGU>
     <DESCRIPT>Lifetime of an Area (Constants in CL_SHM_AREA)</DESCRIPT>
    </SEOCOMPOTX>
    <SEOCOMPOTX>
     <CLSNAME>ZCL_HARDCODE_SHM_AREA</CLSNAME>
     <CMPNAME>_TRACE_ACTIVE</CMPNAME>
     <LANGU>F</LANGU>
     <DESCRIPT>(Internal) Flag: Trace Active?</DESCRIPT>
    </SEOCOMPOTX>
    <SEOCOMPOTX>
     <CLSNAME>ZCL_HARDCODE_SHM_AREA</CLSNAME>
     <CMPNAME>_TRACE_SERVICE</CMPNAME>
     <LANGU>F</LANGU>
     <DESCRIPT>(Internal) Reference to Trace Class</DESCRIPT>
    </SEOCOMPOTX>
    <SEOCOMPOTX>
     <CLSNAME>ZCL_HARDCODE_SHM_AREA</CLSNAME>
     <CMPNAME>_VERSION_</CMPNAME>
     <LANGU>F</LANGU>
     <DESCRIPT>(internal)</DESCRIPT>
    </SEOCOMPOTX>
   </DESCRIPTIONS>
  </asx:values>
 </asx:abap>
</abapGit>
