﻿<?xml version="1.0" encoding="utf-8"?>
<abapGit version="v1.0.0" serializer="LCL_OBJECT_CLAS" serializer_version="v1.0.0">
 <asx:abap xmlns:asx="http://www.sap.com/abapxml" version="1.0">
  <asx:values>
   <VSEOCLASS>
    <CLSNAME>ZCL_HARDCODE_MAINTAIN</CLSNAME>
    <VERSION>1</VERSION>
    <LANGU>F</LANGU>
    <DESCRIPT>Hardcode - Classe maintenance</DESCRIPT>
    <EXPOSURE>2</EXPOSURE>
    <STATE>1</STATE>
    <CLSFINAL>X</CLSFINAL>
    <CLSCCINCL>X</CLSCCINCL>
    <FIXPT>X</FIXPT>
    <UNICODE>X</UNICODE>
   </VSEOCLASS>
   <TPOOL/>
   <DESCRIPTIONS>
    <SEOCOMPOTX>
     <CLSNAME>ZCL_HARDCODE_MAINTAIN</CLSNAME>
     <CMPNAME>ATTRIBUTE_ADD</CMPNAME>
     <LANGU>F</LANGU>
     <DESCRIPT>Attribut - Création</DESCRIPT>
    </SEOCOMPOTX>
    <SEOCOMPOTX>
     <CLSNAME>ZCL_HARDCODE_MAINTAIN</CLSNAME>
     <CMPNAME>ATTRIBUTE_COPY</CMPNAME>
     <LANGU>F</LANGU>
     <DESCRIPT>Attribut - Copie</DESCRIPT>
    </SEOCOMPOTX>
    <SEOCOMPOTX>
     <CLSNAME>ZCL_HARDCODE_MAINTAIN</CLSNAME>
     <CMPNAME>ATTRIBUTE_DEL</CMPNAME>
     <LANGU>F</LANGU>
     <DESCRIPT>Attribut - Suppression</DESCRIPT>
    </SEOCOMPOTX>
    <SEOCOMPOTX>
     <CLSNAME>ZCL_HARDCODE_MAINTAIN</CLSNAME>
     <CMPNAME>ATTRIBUTE_EXIST</CMPNAME>
     <LANGU>F</LANGU>
     <DESCRIPT>Attribut - Contrôle existence</DESCRIPT>
    </SEOCOMPOTX>
    <SEOCOMPOTX>
     <CLSNAME>ZCL_HARDCODE_MAINTAIN</CLSNAME>
     <CMPNAME>ATTRIBUTE_GET</CMPNAME>
     <LANGU>F</LANGU>
     <DESCRIPT>Attribut - Récupération données</DESCRIPT>
    </SEOCOMPOTX>
    <SEOCOMPOTX>
     <CLSNAME>ZCL_HARDCODE_MAINTAIN</CLSNAME>
     <CMPNAME>ATTRIBUTE_SET</CMPNAME>
     <LANGU>F</LANGU>
     <DESCRIPT>Attribut - Modification</DESCRIPT>
    </SEOCOMPOTX>
    <SEOCOMPOTX>
     <CLSNAME>ZCL_HARDCODE_MAINTAIN</CLSNAME>
     <CMPNAME>CONSTRUCTOR</CMPNAME>
     <LANGU>F</LANGU>
     <DESCRIPT>CONSTRUCTOR</DESCRIPT>
    </SEOCOMPOTX>
    <SEOCOMPOTX>
     <CLSNAME>ZCL_HARDCODE_MAINTAIN</CLSNAME>
     <CMPNAME>DATA_GET</CMPNAME>
     <LANGU>F</LANGU>
     <DESCRIPT>Données - Récupération</DESCRIPT>
    </SEOCOMPOTX>
    <SEOCOMPOTX>
     <CLSNAME>ZCL_HARDCODE_MAINTAIN</CLSNAME>
     <CMPNAME>DATA_LOAD</CMPNAME>
     <LANGU>F</LANGU>
     <DESCRIPT>Données - Lecture en DB</DESCRIPT>
    </SEOCOMPOTX>
    <SEOCOMPOTX>
     <CLSNAME>ZCL_HARDCODE_MAINTAIN</CLSNAME>
     <CMPNAME>DOWNLOAD_TO_FILE</CMPNAME>
     <LANGU>F</LANGU>
     <DESCRIPT>Hardcode - Export dans un fichier</DESCRIPT>
    </SEOCOMPOTX>
    <SEOCOMPOTX>
     <CLSNAME>ZCL_HARDCODE_MAINTAIN</CLSNAME>
     <CMPNAME>INTEGRITY_CHECK</CMPNAME>
     <LANGU>F</LANGU>
     <DESCRIPT>Données - Contrôle Intégrité</DESCRIPT>
    </SEOCOMPOTX>
    <SEOCOMPOTX>
     <CLSNAME>ZCL_HARDCODE_MAINTAIN</CLSNAME>
     <CMPNAME>IS_CHANGED</CMPNAME>
     <LANGU>F</LANGU>
     <DESCRIPT>Données - Modifiées ?</DESCRIPT>
    </SEOCOMPOTX>
    <SEOCOMPOTX>
     <CLSNAME>ZCL_HARDCODE_MAINTAIN</CLSNAME>
     <CMPNAME>MC_FILE_TYPE_HARDCODE</CMPNAME>
     <LANGU>F</LANGU>
     <DESCRIPT>Type de fichier - Hardcode</DESCRIPT>
    </SEOCOMPOTX>
    <SEOCOMPOTX>
     <CLSNAME>ZCL_HARDCODE_MAINTAIN</CLSNAME>
     <CMPNAME>MC_MY_MSGID</CMPNAME>
     <LANGU>F</LANGU>
     <DESCRIPT>Zone système ABAP : classe de messages</DESCRIPT>
    </SEOCOMPOTX>
    <SEOCOMPOTX>
     <CLSNAME>ZCL_HARDCODE_MAINTAIN</CLSNAME>
     <CMPNAME>PARAMETER_ADD</CMPNAME>
     <LANGU>F</LANGU>
     <DESCRIPT>Paramètre - Création</DESCRIPT>
    </SEOCOMPOTX>
    <SEOCOMPOTX>
     <CLSNAME>ZCL_HARDCODE_MAINTAIN</CLSNAME>
     <CMPNAME>PARAMETER_COPY</CMPNAME>
     <LANGU>F</LANGU>
     <DESCRIPT>Paramètre - Copie</DESCRIPT>
    </SEOCOMPOTX>
    <SEOCOMPOTX>
     <CLSNAME>ZCL_HARDCODE_MAINTAIN</CLSNAME>
     <CMPNAME>PARAMETER_DEL</CMPNAME>
     <LANGU>F</LANGU>
     <DESCRIPT>Paramètre - Suppression</DESCRIPT>
    </SEOCOMPOTX>
    <SEOCOMPOTX>
     <CLSNAME>ZCL_HARDCODE_MAINTAIN</CLSNAME>
     <CMPNAME>PARAMETER_EXIST</CMPNAME>
     <LANGU>F</LANGU>
     <DESCRIPT>Paramètre - Contrôle existence</DESCRIPT>
    </SEOCOMPOTX>
    <SEOCOMPOTX>
     <CLSNAME>ZCL_HARDCODE_MAINTAIN</CLSNAME>
     <CMPNAME>PARAMETER_GET</CMPNAME>
     <LANGU>F</LANGU>
     <DESCRIPT>Paramètre - Récupération données</DESCRIPT>
    </SEOCOMPOTX>
    <SEOCOMPOTX>
     <CLSNAME>ZCL_HARDCODE_MAINTAIN</CLSNAME>
     <CMPNAME>PARAMETER_SET</CMPNAME>
     <LANGU>F</LANGU>
     <DESCRIPT>Paramètre - Modification</DESCRIPT>
    </SEOCOMPOTX>
    <SEOCOMPOTX>
     <CLSNAME>ZCL_HARDCODE_MAINTAIN</CLSNAME>
     <CMPNAME>REPID_COPY</CMPNAME>
     <LANGU>F</LANGU>
     <DESCRIPT>Programme - Copie</DESCRIPT>
    </SEOCOMPOTX>
    <SEOCOMPOTX>
     <CLSNAME>ZCL_HARDCODE_MAINTAIN</CLSNAME>
     <CMPNAME>REPID_GET_FROM_FILE</CMPNAME>
     <LANGU>F</LANGU>
     <DESCRIPT>Hardcode - Récupération Identifiant depuis le fichier</DESCRIPT>
    </SEOCOMPOTX>
    <SEOCOMPOTX>
     <CLSNAME>ZCL_HARDCODE_MAINTAIN</CLSNAME>
     <CMPNAME>SAVE_TO_DB</CMPNAME>
     <LANGU>F</LANGU>
     <DESCRIPT>Données - Sauvegarde en DB</DESCRIPT>
    </SEOCOMPOTX>
    <SEOCOMPOTX>
     <CLSNAME>ZCL_HARDCODE_MAINTAIN</CLSNAME>
     <CMPNAME>UPLOAD_FROM_FILE</CMPNAME>
     <LANGU>F</LANGU>
     <DESCRIPT>Hardcode - Import depuis un fichier</DESCRIPT>
    </SEOCOMPOTX>
    <SEOCOMPOTX>
     <CLSNAME>ZCL_HARDCODE_MAINTAIN</CLSNAME>
     <CMPNAME>VERSION_ADD</CMPNAME>
     <LANGU>F</LANGU>
     <DESCRIPT>Version - Création</DESCRIPT>
    </SEOCOMPOTX>
    <SEOCOMPOTX>
     <CLSNAME>ZCL_HARDCODE_MAINTAIN</CLSNAME>
     <CMPNAME>VERSION_COPY</CMPNAME>
     <LANGU>F</LANGU>
     <DESCRIPT>Version - Copie</DESCRIPT>
    </SEOCOMPOTX>
    <SEOCOMPOTX>
     <CLSNAME>ZCL_HARDCODE_MAINTAIN</CLSNAME>
     <CMPNAME>VERSION_DEL</CMPNAME>
     <LANGU>F</LANGU>
     <DESCRIPT>Version - Suppression</DESCRIPT>
    </SEOCOMPOTX>
    <SEOCOMPOTX>
     <CLSNAME>ZCL_HARDCODE_MAINTAIN</CLSNAME>
     <CMPNAME>VERSION_EXIST</CMPNAME>
     <LANGU>F</LANGU>
     <DESCRIPT>Version - Contrôle existence</DESCRIPT>
    </SEOCOMPOTX>
    <SEOCOMPOTX>
     <CLSNAME>ZCL_HARDCODE_MAINTAIN</CLSNAME>
     <CMPNAME>VERSION_GET</CMPNAME>
     <LANGU>F</LANGU>
     <DESCRIPT>Version - Récupération données</DESCRIPT>
    </SEOCOMPOTX>
    <SEOCOMPOTX>
     <CLSNAME>ZCL_HARDCODE_MAINTAIN</CLSNAME>
     <CMPNAME>VERSION_PRIMARY_SET</CMPNAME>
     <LANGU>F</LANGU>
     <DESCRIPT>Version - Initialisation Primarité</DESCRIPT>
    </SEOCOMPOTX>
    <SEOCOMPOTX>
     <CLSNAME>ZCL_HARDCODE_MAINTAIN</CLSNAME>
     <CMPNAME>VERSION_SET</CMPNAME>
     <LANGU>F</LANGU>
     <DESCRIPT>Version - Modification</DESCRIPT>
    </SEOCOMPOTX>
    <SEOCOMPOTX>
     <CLSNAME>ZCL_HARDCODE_MAINTAIN</CLSNAME>
     <CMPNAME>_HARDCODE_GET_FROM_FILE</CMPNAME>
     <LANGU>F</LANGU>
     <DESCRIPT>Hardcode - Lecture depuis fichier</DESCRIPT>
    </SEOCOMPOTX>
    <SEOCOMPOTX>
     <CLSNAME>ZCL_HARDCODE_MAINTAIN</CLSNAME>
     <CMPNAME>__RAISE_EXCEPTION</CMPNAME>
     <LANGU>F</LANGU>
     <DESCRIPT>Lève une exception</DESCRIPT>
    </SEOCOMPOTX>
   </DESCRIPTIONS>
  </asx:values>
 </asx:abap>
</abapGit>
