﻿<?xml version="1.0" encoding="utf-8"?>
<abapGit version="v1.0.0" serializer="LCL_OBJECT_CLAS" serializer_version="v1.0.0">
 <asx:abap xmlns:asx="http://www.sap.com/abapxml" version="1.0">
  <asx:values>
   <VSEOCLASS>
    <CLSNAME>ZCL_HARDCODE</CLSNAME>
    <VERSION>1</VERSION>
    <LANGU>F</LANGU>
    <DESCRIPT>Hardcode - Classe exploitation</DESCRIPT>
    <STATE>1</STATE>
    <CLSFINAL>X</CLSFINAL>
    <CLSCCINCL>X</CLSCCINCL>
    <FIXPT>X</FIXPT>
    <UNICODE>X</UNICODE>
    <MSG_ID>ZHARDCODE</MSG_ID>
   </VSEOCLASS>
   <TPOOL/>
   <DESCRIPTIONS>
    <SEOCOMPOTX>
     <CLSNAME>ZCL_HARDCODE</CLSNAME>
     <CMPNAME>ATTRIBUTE_VALUE_GET</CMPNAME>
     <LANGU>F</LANGU>
     <DESCRIPT>Attribut - Récupréation Valeur</DESCRIPT>
    </SEOCOMPOTX>
    <SEOCOMPOTX>
     <CLSNAME>ZCL_HARDCODE</CLSNAME>
     <CMPNAME>CODE_INJECTION</CMPNAME>
     <LANGU>F</LANGU>
     <DESCRIPT>Code Source - Injection</DESCRIPT>
    </SEOCOMPOTX>
    <SEOCOMPOTX>
     <CLSNAME>ZCL_HARDCODE</CLSNAME>
     <CMPNAME>CONSTRUCTOR</CMPNAME>
     <LANGU>F</LANGU>
     <DESCRIPT>CONSTRUCTOR</DESCRIPT>
    </SEOCOMPOTX>
    <SEOCOMPOTX>
     <CLSNAME>ZCL_HARDCODE</CLSNAME>
     <CMPNAME>DATA_LOAD</CMPNAME>
     <LANGU>F</LANGU>
     <DESCRIPT>Chargement des Hardcodes</DESCRIPT>
    </SEOCOMPOTX>
    <SEOCOMPOTX>
     <CLSNAME>ZCL_HARDCODE</CLSNAME>
     <CMPNAME>GET_INSTANCE</CMPNAME>
     <LANGU>F</LANGU>
     <DESCRIPT>Récupération instance</DESCRIPT>
    </SEOCOMPOTX>
    <SEOCOMPOTX>
     <CLSNAME>ZCL_HARDCODE</CLSNAME>
     <CMPNAME>HARDCODE_DISPLAY</CMPNAME>
     <LANGU>F</LANGU>
     <DESCRIPT>Transaction - Lancement</DESCRIPT>
    </SEOCOMPOTX>
    <SEOCOMPOTX>
     <CLSNAME>ZCL_HARDCODE</CLSNAME>
     <CMPNAME>MC_MY_MSGID</CMPNAME>
     <LANGU>F</LANGU>
     <DESCRIPT>Zone système ABAP : classe de messages</DESCRIPT>
    </SEOCOMPOTX>
    <SEOCOMPOTX>
     <CLSNAME>ZCL_HARDCODE</CLSNAME>
     <CMPNAME>MC_VERSION_DEFAULT</CMPNAME>
     <LANGU>F</LANGU>
     <DESCRIPT>Hardcode - Version</DESCRIPT>
    </SEOCOMPOTX>
    <SEOCOMPOTX>
     <CLSNAME>ZCL_HARDCODE</CLSNAME>
     <CMPNAME>PARAMETER_VALUE_GET</CMPNAME>
     <LANGU>F</LANGU>
     <DESCRIPT>Paramètre - Récupération Valeur</DESCRIPT>
    </SEOCOMPOTX>
    <SEOCOMPOTX>
     <CLSNAME>ZCL_HARDCODE</CLSNAME>
     <CMPNAME>_HARDCODE_GET</CMPNAME>
     <LANGU>F</LANGU>
     <DESCRIPT>Usage Interne : Hardcode - Récupération</DESCRIPT>
    </SEOCOMPOTX>
    <SEOCOMPOTX>
     <CLSNAME>ZCL_HARDCODE</CLSNAME>
     <CMPNAME>_VALIDITY_CHECK</CMPNAME>
     <LANGU>F</LANGU>
     <DESCRIPT>Usage Interne : Contrôle validité Instance</DESCRIPT>
    </SEOCOMPOTX>
    <SEOCOMPOTX>
     <CLSNAME>ZCL_HARDCODE</CLSNAME>
     <CMPNAME>__RAISE_EXCEPTION</CMPNAME>
     <LANGU>F</LANGU>
     <DESCRIPT>Lève une exception</DESCRIPT>
    </SEOCOMPOTX>
   </DESCRIPTIONS>
  </asx:values>
 </asx:abap>
</abapGit>
