﻿<?xml version="1.0" encoding="utf-8"?>
<abapGit version="v1.0.0" serializer="LCL_OBJECT_DTEL" serializer_version="v1.0.0">
 <asx:abap xmlns:asx="http://www.sap.com/abapxml" version="1.0">
  <asx:values>
   <DD04V>
    <ROLLNAME>ZTEC_HC_VERSION_ID</ROLLNAME>
    <DDLANGUAGE>F</DDLANGUAGE>
    <HEADLEN>07</HEADLEN>
    <SCRLEN1>07</SCRLEN1>
    <SCRLEN2>07</SCRLEN2>
    <SCRLEN3>07</SCRLEN3>
    <DDTEXT>Hardcode - Version - ID</DDTEXT>
    <REPTEXT>Version</REPTEXT>
    <SCRTEXT_S>Version</SCRTEXT_S>
    <SCRTEXT_M>Version</SCRTEXT_M>
    <SCRTEXT_L>Version</SCRTEXT_L>
    <DTELMASTER>F</DTELMASTER>
    <DATATYPE>NUMC</DATATYPE>
    <LENG>000005</LENG>
    <OUTPUTLEN>000005</OUTPUTLEN>
   </DD04V>
   <TPARA/>
  </asx:values>
 </asx:abap>
</abapGit>
