﻿<?xml version="1.0" encoding="utf-8"?>
<abapGit version="v1.0.0" serializer="LCL_OBJECT_FUGR" serializer_version="v1.0.0">
 <asx:abap xmlns:asx="http://www.sap.com/abapxml" version="1.0">
  <asx:values>
   <AREAT>Groupe Fonction - Hardcode</AREAT>
   <INCLUDES>
    <SOBJ_NAME>LZTEC_HARDCODETOP</SOBJ_NAME>
    <SOBJ_NAME>SAPLZTEC_HARDCODE</SOBJ_NAME>
   </INCLUDES>
   <FUNCTIONS>
    <item>
     <FUNCNAME>Z_HC_READ</FUNCNAME>
     <INCLUDE>LZTEC_HARDCODEU03</INCLUDE>
     <REMOTE_CALL>R</REMOTE_CALL>
     <SHORT_TEXT>Hardcode - Lecture</SHORT_TEXT>
     <IMPORT>
      <RSIMP>
       <PARAMETER>IV_REPID</PARAMETER>
       <TYP>REPID</TYP>
      </RSIMP>
     </IMPORT>
     <EXPORT>
      <RSEXP>
       <PARAMETER>ET_HARDCODE</PARAMETER>
       <TYP>ZVTEC_T_HC_TT</TYP>
      </RSEXP>
      <RSEXP>
       <PARAMETER>ET_HARDCODE_SOURCE_CODE</PARAMETER>
       <TYP>ZTEC_T_HC_ATTRIBUTE_SOURCE</TYP>
      </RSEXP>
     </EXPORT>
     <DOCUMENTATION>
      <RSFDO>
       <PARAMETER>IV_REPID</PARAMETER>
       <KIND>P</KIND>
       <STEXT>Nom du programme ABAP</STEXT>
       <INDEX> 001</INDEX>
      </RSFDO>
      <RSFDO>
       <PARAMETER>ET_HARDCODE</PARAMETER>
       <KIND>P</KIND>
       <STEXT>Type de table ZVTEC_T_HC</STEXT>
       <INDEX> 002</INDEX>
      </RSFDO>
      <RSFDO>
       <PARAMETER>ET_HARDCODE_SOURCE_CODE</PARAMETER>
       <KIND>P</KIND>
       <STEXT>Hardcode - ZTEC_S_HC_ATTRIBUTE_SOURCE</STEXT>
       <INDEX> 003</INDEX>
      </RSFDO>
     </DOCUMENTATION>
    </item>
    <item>
     <FUNCNAME>Z_HC_SHM_RELOAD</FUNCNAME>
     <INCLUDE>LZTEC_HARDCODEU01</INCLUDE>
     <REMOTE_CALL>R</REMOTE_CALL>
     <SHORT_TEXT>Hardcode - SHM - Rechargement</SHORT_TEXT>
     <IMPORT>
      <RSIMP>
       <PARAMETER>IV_REPID</PARAMETER>
       <TYP>REPID</TYP>
      </RSIMP>
     </IMPORT>
     <DOCUMENTATION>
      <RSFDO>
       <PARAMETER>IV_REPID</PARAMETER>
       <KIND>P</KIND>
       <STEXT>Nom du programme ABAP</STEXT>
       <INDEX> 001</INDEX>
      </RSFDO>
     </DOCUMENTATION>
    </item>
    <item>
     <FUNCNAME>Z_HC_TRANSPORT</FUNCNAME>
     <INCLUDE>LZTEC_HARDCODEU02</INCLUDE>
     <REMOTE_CALL>R</REMOTE_CALL>
     <SHORT_TEXT>Hardcode - Transport</SHORT_TEXT>
     <IMPORT>
      <RSIMP>
       <PARAMETER>IV_REPID</PARAMETER>
       <TYP>REPID</TYP>
      </RSIMP>
      <RSIMP>
       <PARAMETER>IT_HC_VERSION</PARAMETER>
       <TYP>ZTEC_T_HC_VERS_TT</TYP>
      </RSIMP>
      <RSIMP>
       <PARAMETER>IT_HC_PARAMETER</PARAMETER>
       <TYP>ZTEC_T_HC_PARAM_TT</TYP>
      </RSIMP>
      <RSIMP>
       <PARAMETER>IT_HC_ATTRIBUTE</PARAMETER>
       <TYP>ZTEC_T_HC_ATTR_TT</TYP>
      </RSIMP>
     </IMPORT>
     <EXPORT>
      <RSEXP>
       <PARAMETER>ES_RETURN</PARAMETER>
       <TYP>BAPIRET2</TYP>
      </RSEXP>
     </EXPORT>
     <DOCUMENTATION>
      <RSFDO>
       <PARAMETER>IV_REPID</PARAMETER>
       <KIND>P</KIND>
       <STEXT>Nom du programme ABAP</STEXT>
       <INDEX> 001</INDEX>
      </RSFDO>
      <RSFDO>
       <PARAMETER>IT_HC_VERSION</PARAMETER>
       <KIND>P</KIND>
       <STEXT>Type de table ZTEC_T_HC_VERS</STEXT>
       <INDEX> 002</INDEX>
      </RSFDO>
      <RSFDO>
       <PARAMETER>IT_HC_PARAMETER</PARAMETER>
       <KIND>P</KIND>
       <STEXT>Type de table ZTEC_T_HC_PARAM</STEXT>
       <INDEX> 003</INDEX>
      </RSFDO>
      <RSFDO>
       <PARAMETER>IT_HC_ATTRIBUTE</PARAMETER>
       <KIND>P</KIND>
       <STEXT>Type de table ZTEC_T_HC_ATTR</STEXT>
       <INDEX> 004</INDEX>
      </RSFDO>
      <RSFDO>
       <PARAMETER>ES_RETURN</PARAMETER>
       <KIND>P</KIND>
       <STEXT>Paramètre de retour</STEXT>
       <INDEX> 005</INDEX>
      </RSFDO>
     </DOCUMENTATION>
    </item>
   </FUNCTIONS>
   <DYNPROS/>
   <CUA/>
  </asx:values>
 </asx:abap>
</abapGit>
