﻿<?xml version="1.0" encoding="utf-8"?>
<abapGit version="v1.0.0" serializer="LCL_OBJECT_DTEL" serializer_version="v1.0.0">
 <asx:abap xmlns:asx="http://www.sap.com/abapxml" version="1.0">
  <asx:values>
   <DD04V>
    <ROLLNAME>ZTEC_HC_ATTRIBUTE_KEY</ROLLNAME>
    <DDLANGUAGE>F</DDLANGUAGE>
    <DOMNAME>ZTEC_HC_DOM_ATTRIBUTE_KEY</DOMNAME>
    <HEADLEN>30</HEADLEN>
    <SCRLEN1>10</SCRLEN1>
    <SCRLEN2>15</SCRLEN2>
    <SCRLEN3>20</SCRLEN3>
    <DDTEXT>Hardcode - Attribut - Clef</DDTEXT>
    <REPTEXT>Clef</REPTEXT>
    <SCRTEXT_S>Clef</SCRTEXT_S>
    <SCRTEXT_M>Clef</SCRTEXT_M>
    <SCRTEXT_L>Clef</SCRTEXT_L>
    <DTELMASTER>F</DTELMASTER>
    <REFKIND>D</REFKIND>
   </DD04V>
   <TPARA/>
  </asx:values>
 </asx:abap>
</abapGit>
