﻿<?xml version="1.0" encoding="utf-8"?>
<abapGit version="v1.0.0" serializer="LCL_OBJECT_SHLP" serializer_version="v1.0.0">
 <asx:abap xmlns:asx="http://www.sap.com/abapxml" version="1.0">
  <asx:values>
   <DD30V>
    <SHLPNAME>ZTEC_HARCODE_REPID_HELP_VALUE</SHLPNAME>
    <DDLANGUAGE>F</DDLANGUAGE>
    <DDTEXT>Hardcode - Programme Aide à la Recherche</DDTEXT>
    <ISSIMPLE>X</ISSIMPLE>
    <SELMETHOD>ZTEC_T_HC_VERS</SELMETHOD>
    <SELMTYPE>T</SELMTYPE>
    <DIALOGTYPE>D</DIALOGTYPE>
    <FUZZY_SIMILARITY>0.8</FUZZY_SIMILARITY>
   </DD30V>
   <DD31V_TABLE/>
   <DD32P_TABLE>
    <DD32P>
     <SHLPNAME>ZTEC_HARCODE_REPID_HELP_VALUE</SHLPNAME>
     <FIELDNAME>REPID</FIELDNAME>
     <FLPOSITION>0001</FLPOSITION>
     <ROLLNAME>REPID</ROLLNAME>
     <SHLPOUTPUT>X</SHLPOUTPUT>
     <SHLPSELPOS>01</SHLPSELPOS>
     <SHLPLISPOS>01</SHLPLISPOS>
     <SCRLEN3>20</SCRLEN3>
    </DD32P>
   </DD32P_TABLE>
   <DD33V_TABLE/>
  </asx:values>
 </asx:abap>
</abapGit>
