﻿<?xml version="1.0" encoding="utf-8"?>
<abapGit version="v1.0.0" serializer="LCL_OBJECT_TABL" serializer_version="v1.0.0">
 <asx:abap xmlns:asx="http://www.sap.com/abapxml" version="1.0">
  <asx:values>
   <DD02V>
    <TABNAME>ZTEC_T_HC_ATTR_C</TABNAME>
    <DDLANGUAGE>F</DDLANGUAGE>
    <TABCLASS>TRANSP</TABCLASS>
    <CLIDEP>X</CLIDEP>
    <DDTEXT>Hardcode - Attribut - Code Source</DDTEXT>
    <CONTFLAG>C</CONTFLAG>
    <EXCLASS>1</EXCLASS>
   </DD02V>
   <DD09L>
    <TABNAME>ZTEC_T_HC_ATTR_C</TABNAME>
    <AS4LOCAL>A</AS4LOCAL>
    <TABKAT>0</TABKAT>
    <TABART>APPL2</TABART>
    <BUFALLOW>N</BUFALLOW>
    <ROWORCOLST>C</ROWORCOLST>
   </DD09L>
   <DD03P_TABLE>
    <DD03P>
     <TABNAME>ZTEC_T_HC_ATTR_C</TABNAME>
     <FIELDNAME>MANDT</FIELDNAME>
     <POSITION>0001</POSITION>
     <KEYFLAG>X</KEYFLAG>
     <ROLLNAME>MANDT</ROLLNAME>
     <ADMINFIELD>0</ADMINFIELD>
     <NOTNULL>X</NOTNULL>
     <RESERVEDTE>D</RESERVEDTE>
     <COMPTYPE>E</COMPTYPE>
    </DD03P>
    <DD03P>
     <TABNAME>ZTEC_T_HC_ATTR_C</TABNAME>
     <FIELDNAME>RELID</FIELDNAME>
     <POSITION>0002</POSITION>
     <KEYFLAG>X</KEYFLAG>
     <ROLLNAME>INDX_RELID</ROLLNAME>
     <ADMINFIELD>0</ADMINFIELD>
     <NOTNULL>X</NOTNULL>
     <COMPTYPE>E</COMPTYPE>
    </DD03P>
    <DD03P>
     <TABNAME>ZTEC_T_HC_ATTR_C</TABNAME>
     <FIELDNAME>SRTFD</FIELDNAME>
     <POSITION>0003</POSITION>
     <KEYFLAG>X</KEYFLAG>
     <ROLLNAME>ZTEC_HC_ATTRIBUTE_GUID_REGROUP</ROLLNAME>
     <ADMINFIELD>0</ADMINFIELD>
     <NOTNULL>X</NOTNULL>
     <COMPTYPE>E</COMPTYPE>
    </DD03P>
    <DD03P>
     <TABNAME>ZTEC_T_HC_ATTR_C</TABNAME>
     <FIELDNAME>SRTF2</FIELDNAME>
     <POSITION>0004</POSITION>
     <KEYFLAG>X</KEYFLAG>
     <ROLLNAME>INDX_SRTF2</ROLLNAME>
     <ADMINFIELD>0</ADMINFIELD>
     <NOTNULL>X</NOTNULL>
     <COMPTYPE>E</COMPTYPE>
    </DD03P>
    <DD03P>
     <TABNAME>ZTEC_T_HC_ATTR_C</TABNAME>
     <FIELDNAME>CREATED_AT</FIELDNAME>
     <POSITION>0005</POSITION>
     <ROLLNAME>TIMESTAMP</ROLLNAME>
     <ADMINFIELD>0</ADMINFIELD>
     <COMPTYPE>E</COMPTYPE>
    </DD03P>
    <DD03P>
     <TABNAME>ZTEC_T_HC_ATTR_C</TABNAME>
     <FIELDNAME>CREATED_BY</FIELDNAME>
     <POSITION>0006</POSITION>
     <ROLLNAME>UNAME</ROLLNAME>
     <ADMINFIELD>0</ADMINFIELD>
     <COMPTYPE>E</COMPTYPE>
    </DD03P>
    <DD03P>
     <TABNAME>ZTEC_T_HC_ATTR_C</TABNAME>
     <FIELDNAME>UPDATED_AT</FIELDNAME>
     <POSITION>0007</POSITION>
     <ROLLNAME>TIMESTAMP</ROLLNAME>
     <ADMINFIELD>0</ADMINFIELD>
     <COMPTYPE>E</COMPTYPE>
    </DD03P>
    <DD03P>
     <TABNAME>ZTEC_T_HC_ATTR_C</TABNAME>
     <FIELDNAME>UPDATED_BY</FIELDNAME>
     <POSITION>0008</POSITION>
     <ROLLNAME>UNAME</ROLLNAME>
     <ADMINFIELD>0</ADMINFIELD>
     <COMPTYPE>E</COMPTYPE>
    </DD03P>
    <DD03P>
     <TABNAME>ZTEC_T_HC_ATTR_C</TABNAME>
     <FIELDNAME>DATA_SIZE</FIELDNAME>
     <POSITION>0009</POSITION>
     <ROLLNAME>ABAP_MSIZE</ROLLNAME>
     <ADMINFIELD>0</ADMINFIELD>
     <COMPTYPE>E</COMPTYPE>
    </DD03P>
    <DD03P>
     <TABNAME>ZTEC_T_HC_ATTR_C</TABNAME>
     <FIELDNAME>IS_COMPRESSED</FIELDNAME>
     <POSITION>0010</POSITION>
     <ROLLNAME>G_COMPRESS</ROLLNAME>
     <ADMINFIELD>0</ADMINFIELD>
     <VALEXI>X</VALEXI>
     <SHLPORIGIN>F</SHLPORIGIN>
     <COMPTYPE>E</COMPTYPE>
    </DD03P>
    <DD03P>
     <TABNAME>ZTEC_T_HC_ATTR_C</TABNAME>
     <FIELDNAME>CLUSTR</FIELDNAME>
     <POSITION>0011</POSITION>
     <ROLLNAME>INDX_CLSTR</ROLLNAME>
     <ADMINFIELD>0</ADMINFIELD>
     <COMPTYPE>E</COMPTYPE>
    </DD03P>
    <DD03P>
     <TABNAME>ZTEC_T_HC_ATTR_C</TABNAME>
     <FIELDNAME>CLUSTD</FIELDNAME>
     <POSITION>0012</POSITION>
     <ROLLNAME>INDX_CLUST</ROLLNAME>
     <ADMINFIELD>0</ADMINFIELD>
     <COMPTYPE>E</COMPTYPE>
    </DD03P>
   </DD03P_TABLE>
   <DD05M_TABLE/>
   <DD08V_TABLE/>
   <DD12V/>
   <DD17V/>
   <DD35V_TALE/>
   <DD36M/>
  </asx:values>
 </asx:abap>
</abapGit>
