﻿<?xml version="1.0" encoding="utf-8"?>
<abapGit version="v1.0.0" serializer="LCL_OBJECT_PROG" serializer_version="v1.0.0">
 <asx:abap xmlns:asx="http://www.sap.com/abapxml" version="1.0">
  <asx:values>
   <PROGDIR>
    <NAME>ZTEC_HARDCODE</NAME>
    <STATE>A</STATE>
    <VARCL>X</VARCL>
    <SUBC>1</SUBC>
    <RSTAT>K</RSTAT>
    <RLOAD>F</RLOAD>
    <FIXPT>X</FIXPT>
    <UCCHECK>X</UCCHECK>
   </PROGDIR>
   <DYNPROS>
    <item>
     <HEADER>
      <PROGRAM>ZTEC_HARDCODE</PROGRAM>
      <SCREEN>0101</SCREEN>
      <LANGUAGE>F</LANGUAGE>
      <DESCRIPT>Hardcode</DESCRIPT>
      <TYPE>N</TYPE>
      <NEXTSCREEN>0101</NEXTSCREEN>
      <LINES>030</LINES>
      <COLUMNS>180</COLUMNS>
     </HEADER>
     <CONTAINERS>
      <RPY_DYCATT>
       <TYPE>SCREEN</TYPE>
       <NAME>SCREEN</NAME>
      </RPY_DYCATT>
      <RPY_DYCATT>
       <TYPE>CUST_CTRL</TYPE>
       <NAME>CC_MAIN_TREE</NAME>
       <ELEMENT_OF>SCREEN</ELEMENT_OF>
       <LINE>001</LINE>
       <COLUMN>001</COLUMN>
       <LENGTH>180</LENGTH>
       <HEIGHT>030</HEIGHT>
       <C_LINE_MIN>001</C_LINE_MIN>
       <C_COLN_MIN>001</C_COLN_MIN>
      </RPY_DYCATT>
     </CONTAINERS>
     <FIELDS>
      <RPY_DYFATC>
       <CONT_TYPE>SCREEN</CONT_TYPE>
       <CONT_NAME>SCREEN</CONT_NAME>
       <TYPE>OKCODE</TYPE>
       <TEXT>____________________</TEXT>
       <LENGTH>020</LENGTH>
       <VISLENGTH>020</VISLENGTH>
       <HEIGHT>001</HEIGHT>
       <FORMAT>CHAR</FORMAT>
       <INPUT_FLD>X</INPUT_FLD>
      </RPY_DYFATC>
     </FIELDS>
     <FLOW_LOGIC>
      <RPY_DYFLOW>
       <LINE>PROCESS BEFORE OUTPUT.</LINE>
      </RPY_DYFLOW>
      <RPY_DYFLOW>
       <LINE>MODULE STATUS_0101.</LINE>
      </RPY_DYFLOW>
      <RPY_DYFLOW/>
      <RPY_DYFLOW>
       <LINE>PROCESS AFTER INPUT.</LINE>
      </RPY_DYFLOW>
      <RPY_DYFLOW>
       <LINE>MODULE USER_COMMAND_0101.</LINE>
      </RPY_DYFLOW>
     </FLOW_LOGIC>
     <SPACES>
      <item>0</item>
      <item>1</item>
      <item>0</item>
      <item>0</item>
      <item>1</item>
     </SPACES>
    </item>
    <item>
     <HEADER>
      <PROGRAM>ZTEC_HARDCODE</PROGRAM>
      <SCREEN>0201</SCREEN>
      <LANGUAGE>F</LANGUAGE>
      <DESCRIPT>Paramètre</DESCRIPT>
      <TYPE>M</TYPE>
      <NEXTSCREEN>0201</NEXTSCREEN>
      <LINES>010</LINES>
      <COLUMNS>157</COLUMNS>
     </HEADER>
     <CONTAINERS>
      <RPY_DYCATT>
       <TYPE>SCREEN</TYPE>
       <NAME>SCREEN</NAME>
      </RPY_DYCATT>
     </CONTAINERS>
     <FIELDS>
      <RPY_DYFATC>
       <CONT_TYPE>SCREEN</CONT_TYPE>
       <CONT_NAME>SCREEN</CONT_NAME>
       <TYPE>TEXT</TYPE>
       <NAME>GS_ATTRIBUTE_DETAIL-ATTRIBUTE_NAME</NAME>
       <TEXT>Nom_de_l&apos;attribut</TEXT>
       <LINE>001</LINE>
       <COLUMN>001</COLUMN>
       <LENGTH>017</LENGTH>
       <VISLENGTH>017</VISLENGTH>
       <HEIGHT>001</HEIGHT>
       <FORMAT>CHAR</FORMAT>
       <REQU_ENTRY>N</REQU_ENTRY>
       <LABELLEFT>X</LABELLEFT>
      </RPY_DYFATC>
      <RPY_DYFATC>
       <CONT_TYPE>SCREEN</CONT_TYPE>
       <CONT_NAME>SCREEN</CONT_NAME>
       <TYPE>TEMPLATE</TYPE>
       <NAME>GS_ATTRIBUTE_DETAIL-ATTRIBUTE_NAME</NAME>
       <TEXT>______________________________</TEXT>
       <LINE>001</LINE>
       <COLUMN>019</COLUMN>
       <LENGTH>030</LENGTH>
       <VISLENGTH>030</VISLENGTH>
       <HEIGHT>001</HEIGHT>
       <FORMAT>CHAR</FORMAT>
       <OUTPUT_FLD>X</OUTPUT_FLD>
       <REQU_ENTRY>N</REQU_ENTRY>
       <_--32_DIMENS>X</_--32_DIMENS>
      </RPY_DYFATC>
      <RPY_DYFATC>
       <CONT_TYPE>SCREEN</CONT_TYPE>
       <CONT_NAME>SCREEN</CONT_NAME>
       <TYPE>FRAME</TYPE>
       <NAME>CADRE_VALUE</NAME>
       <TEXT>Valeurs_de_l&apos;attribut_______________________________________________________________________________________________________________</TEXT>
       <LINE>003</LINE>
       <COLUMN>001</COLUMN>
       <LENGTH>157</LENGTH>
       <VISLENGTH>157</VISLENGTH>
       <HEIGHT>007</HEIGHT>
       <FORMAT>CHAR</FORMAT>
       <REQU_ENTRY>N</REQU_ENTRY>
      </RPY_DYFATC>
      <RPY_DYFATC>
       <CONT_TYPE>SCREEN</CONT_TYPE>
       <CONT_NAME>SCREEN</CONT_NAME>
       <TYPE>TEXT</TYPE>
       <NAME>GS_ATTRIBUTE_DETAIL-ATTRIBUTE_KEY1</NAME>
       <TEXT>Valeur_clef_1</TEXT>
       <LINE>005</LINE>
       <COLUMN>002</COLUMN>
       <LENGTH>013</LENGTH>
       <VISLENGTH>013</VISLENGTH>
       <HEIGHT>001</HEIGHT>
       <FORMAT>CHAR</FORMAT>
       <REQU_ENTRY>N</REQU_ENTRY>
       <LABELLEFT>X</LABELLEFT>
      </RPY_DYFATC>
      <RPY_DYFATC>
       <CONT_TYPE>SCREEN</CONT_TYPE>
       <CONT_NAME>SCREEN</CONT_NAME>
       <TYPE>TEMPLATE</TYPE>
       <NAME>GS_ATTRIBUTE_DETAIL-ATTRIBUTE_KEY1</NAME>
       <TEXT>____________________________________________________________</TEXT>
       <LINE>005</LINE>
       <COLUMN>016</COLUMN>
       <LENGTH>060</LENGTH>
       <VISLENGTH>060</VISLENGTH>
       <HEIGHT>001</HEIGHT>
       <FORMAT>CHAR</FORMAT>
       <UP_LOWER>X</UP_LOWER>
       <INPUT_FLD>X</INPUT_FLD>
       <OUTPUT_FLD>X</OUTPUT_FLD>
      </RPY_DYFATC>
      <RPY_DYFATC>
       <CONT_TYPE>SCREEN</CONT_TYPE>
       <CONT_NAME>SCREEN</CONT_NAME>
       <TYPE>TEXT</TYPE>
       <NAME>GS_ATTRIBUTE_DETAIL-ATTRIBUTE_KEY2</NAME>
       <TEXT>Valeur_clef_2</TEXT>
       <LINE>005</LINE>
       <COLUMN>082</COLUMN>
       <LENGTH>013</LENGTH>
       <VISLENGTH>013</VISLENGTH>
       <HEIGHT>001</HEIGHT>
       <FORMAT>CHAR</FORMAT>
       <REQU_ENTRY>N</REQU_ENTRY>
       <LABELLEFT>X</LABELLEFT>
      </RPY_DYFATC>
      <RPY_DYFATC>
       <CONT_TYPE>SCREEN</CONT_TYPE>
       <CONT_NAME>SCREEN</CONT_NAME>
       <TYPE>TEMPLATE</TYPE>
       <NAME>GS_ATTRIBUTE_DETAIL-ATTRIBUTE_KEY2</NAME>
       <TEXT>____________________________________________________________</TEXT>
       <LINE>005</LINE>
       <COLUMN>096</COLUMN>
       <LENGTH>060</LENGTH>
       <VISLENGTH>060</VISLENGTH>
       <HEIGHT>001</HEIGHT>
       <FORMAT>CHAR</FORMAT>
       <UP_LOWER>X</UP_LOWER>
       <INPUT_FLD>X</INPUT_FLD>
       <OUTPUT_FLD>X</OUTPUT_FLD>
      </RPY_DYFATC>
      <RPY_DYFATC>
       <CONT_TYPE>SCREEN</CONT_TYPE>
       <CONT_NAME>SCREEN</CONT_NAME>
       <TYPE>TEXT</TYPE>
       <NAME>GS_ATTRIBUTE_DETAIL-ATTRIBUTE_KEY3</NAME>
       <TEXT>Valeur_clef_3</TEXT>
       <LINE>006</LINE>
       <COLUMN>002</COLUMN>
       <LENGTH>013</LENGTH>
       <VISLENGTH>013</VISLENGTH>
       <HEIGHT>001</HEIGHT>
       <FORMAT>CHAR</FORMAT>
       <REQU_ENTRY>N</REQU_ENTRY>
       <LABELLEFT>X</LABELLEFT>
      </RPY_DYFATC>
      <RPY_DYFATC>
       <CONT_TYPE>SCREEN</CONT_TYPE>
       <CONT_NAME>SCREEN</CONT_NAME>
       <TYPE>TEMPLATE</TYPE>
       <NAME>GS_ATTRIBUTE_DETAIL-ATTRIBUTE_KEY3</NAME>
       <TEXT>____________________________________________________________</TEXT>
       <LINE>006</LINE>
       <COLUMN>016</COLUMN>
       <LENGTH>060</LENGTH>
       <VISLENGTH>060</VISLENGTH>
       <HEIGHT>001</HEIGHT>
       <FORMAT>CHAR</FORMAT>
       <UP_LOWER>X</UP_LOWER>
       <INPUT_FLD>X</INPUT_FLD>
       <OUTPUT_FLD>X</OUTPUT_FLD>
      </RPY_DYFATC>
      <RPY_DYFATC>
       <CONT_TYPE>SCREEN</CONT_TYPE>
       <CONT_NAME>SCREEN</CONT_NAME>
       <TYPE>TEXT</TYPE>
       <NAME>GS_ATTRIBUTE_DETAIL-ATTRIBUTE_KEY4</NAME>
       <TEXT>Valeur_clef_4</TEXT>
       <LINE>006</LINE>
       <COLUMN>082</COLUMN>
       <LENGTH>013</LENGTH>
       <VISLENGTH>013</VISLENGTH>
       <HEIGHT>001</HEIGHT>
       <FORMAT>CHAR</FORMAT>
       <REQU_ENTRY>N</REQU_ENTRY>
       <LABELLEFT>X</LABELLEFT>
      </RPY_DYFATC>
      <RPY_DYFATC>
       <CONT_TYPE>SCREEN</CONT_TYPE>
       <CONT_NAME>SCREEN</CONT_NAME>
       <TYPE>TEMPLATE</TYPE>
       <NAME>GS_ATTRIBUTE_DETAIL-ATTRIBUTE_KEY4</NAME>
       <TEXT>____________________________________________________________</TEXT>
       <LINE>006</LINE>
       <COLUMN>096</COLUMN>
       <LENGTH>060</LENGTH>
       <VISLENGTH>060</VISLENGTH>
       <HEIGHT>001</HEIGHT>
       <FORMAT>CHAR</FORMAT>
       <UP_LOWER>X</UP_LOWER>
       <INPUT_FLD>X</INPUT_FLD>
       <OUTPUT_FLD>X</OUTPUT_FLD>
      </RPY_DYFATC>
      <RPY_DYFATC>
       <CONT_TYPE>SCREEN</CONT_TYPE>
       <CONT_NAME>SCREEN</CONT_NAME>
       <TYPE>TEXT</TYPE>
       <NAME>RANGE_TEXT</NAME>
       <TEXT>Valeurs_multiple</TEXT>
       <LINE>008</LINE>
       <COLUMN>002</COLUMN>
       <LENGTH>016</LENGTH>
       <VISLENGTH>016</VISLENGTH>
       <HEIGHT>001</HEIGHT>
       <FORMAT>CHAR</FORMAT>
       <REQU_ENTRY>N</REQU_ENTRY>
       <LABELLEFT>X</LABELLEFT>
      </RPY_DYFATC>
      <RPY_DYFATC>
       <CONT_TYPE>SCREEN</CONT_TYPE>
       <CONT_NAME>SCREEN</CONT_NAME>
       <TYPE>CHECK</TYPE>
       <NAME>GS_ATTRIBUTE_DETAIL-ATTRIBUTE_AS_RANGE</NAME>
       <LINE>008</LINE>
       <COLUMN>019</COLUMN>
       <LENGTH>001</LENGTH>
       <VISLENGTH>001</VISLENGTH>
       <HEIGHT>001</HEIGHT>
       <PUSH_FCODE>RANGE_DIS</PUSH_FCODE>
       <FORMAT>CHAR</FORMAT>
       <INPUT_FLD>X</INPUT_FLD>
       <OUTPUT_FLD>X</OUTPUT_FLD>
      </RPY_DYFATC>
      <RPY_DYFATC>
       <CONT_TYPE>SCREEN</CONT_TYPE>
       <CONT_NAME>SCREEN</CONT_NAME>
       <TYPE>PUSH</TYPE>
       <NAME>BTN_MUTLI_VALUE</NAME>
       <TEXT>Valeurs__</TEXT>
       <ICON_NAME>ICON_ACTIVITY</ICON_NAME>
       <WITH_ICON>X</WITH_ICON>
       <LINE>008</LINE>
       <COLUMN>022</COLUMN>
       <LENGTH>014</LENGTH>
       <VISLENGTH>012</VISLENGTH>
       <HEIGHT>001</HEIGHT>
       <GROUP1>RAN</GROUP1>
       <PUSH_FCODE>RANGE_SET</PUSH_FCODE>
       <FORMAT>CHAR</FORMAT>
       <REQU_ENTRY>N</REQU_ENTRY>
      </RPY_DYFATC>
      <RPY_DYFATC>
       <CONT_TYPE>SCREEN</CONT_TYPE>
       <CONT_NAME>SCREEN</CONT_NAME>
       <TYPE>TEXT</TYPE>
       <NAME>CODE_TEXT</NAME>
       <TEXT>Code_libre</TEXT>
       <LINE>008</LINE>
       <COLUMN>038</COLUMN>
       <LENGTH>010</LENGTH>
       <VISLENGTH>010</VISLENGTH>
       <HEIGHT>001</HEIGHT>
       <FORMAT>CHAR</FORMAT>
       <REQU_ENTRY>N</REQU_ENTRY>
      </RPY_DYFATC>
      <RPY_DYFATC>
       <CONT_TYPE>SCREEN</CONT_TYPE>
       <CONT_NAME>SCREEN</CONT_NAME>
       <TYPE>CHECK</TYPE>
       <NAME>GS_ATTRIBUTE_DETAIL-ATTRIBUTE_AS_CODE_SOURCE</NAME>
       <LINE>008</LINE>
       <COLUMN>049</COLUMN>
       <LENGTH>001</LENGTH>
       <VISLENGTH>001</VISLENGTH>
       <HEIGHT>001</HEIGHT>
       <PUSH_FCODE>SOURCE_DIS</PUSH_FCODE>
       <FORMAT>CHAR</FORMAT>
       <INPUT_FLD>X</INPUT_FLD>
       <OUTPUT_FLD>X</OUTPUT_FLD>
      </RPY_DYFATC>
      <RPY_DYFATC>
       <CONT_TYPE>SCREEN</CONT_TYPE>
       <CONT_NAME>SCREEN</CONT_NAME>
       <TYPE>PUSH</TYPE>
       <NAME>BTN_CODE_SOURCE</NAME>
       <TEXT>Code_Source___</TEXT>
       <ICON_NAME>ICON_ABAP</ICON_NAME>
       <ICON_QINFO>Code_Source</ICON_QINFO>
       <ICON_QSPEC>X</ICON_QSPEC>
       <WITH_ICON>X</WITH_ICON>
       <LINE>008</LINE>
       <COLUMN>052</COLUMN>
       <LENGTH>032</LENGTH>
       <VISLENGTH>014</VISLENGTH>
       <HEIGHT>001</HEIGHT>
       <GROUP1>COS</GROUP1>
       <PUSH_FCODE>SOURCE_SET</PUSH_FCODE>
       <FORMAT>CHAR</FORMAT>
       <REQU_ENTRY>N</REQU_ENTRY>
      </RPY_DYFATC>
      <RPY_DYFATC>
       <CONT_TYPE>SCREEN</CONT_TYPE>
       <CONT_NAME>SCREEN</CONT_NAME>
       <TYPE>PUSH</TYPE>
       <NAME>BTN_VALID</NAME>
       <ICON_NAME>ICON_OKAY</ICON_NAME>
       <WITH_ICON>X</WITH_ICON>
       <LINE>010</LINE>
       <COLUMN>152</COLUMN>
       <LENGTH>004</LENGTH>
       <VISLENGTH>002</VISLENGTH>
       <HEIGHT>001</HEIGHT>
       <PUSH_FCODE>VALID</PUSH_FCODE>
       <FORMAT>CHAR</FORMAT>
       <REQU_ENTRY>N</REQU_ENTRY>
      </RPY_DYFATC>
      <RPY_DYFATC>
       <CONT_TYPE>SCREEN</CONT_TYPE>
       <CONT_NAME>SCREEN</CONT_NAME>
       <TYPE>PUSH</TYPE>
       <NAME>BTN_CANCEL</NAME>
       <ICON_NAME>ICON_CANCEL</ICON_NAME>
       <WITH_ICON>X</WITH_ICON>
       <LINE>010</LINE>
       <COLUMN>155</COLUMN>
       <LENGTH>004</LENGTH>
       <VISLENGTH>002</VISLENGTH>
       <HEIGHT>001</HEIGHT>
       <PUSH_FCODE>CANCEL</PUSH_FCODE>
       <FORMAT>CHAR</FORMAT>
       <REQU_ENTRY>N</REQU_ENTRY>
      </RPY_DYFATC>
      <RPY_DYFATC>
       <CONT_TYPE>SCREEN</CONT_TYPE>
       <CONT_NAME>SCREEN</CONT_NAME>
       <TYPE>OKCODE</TYPE>
       <TEXT>____________________</TEXT>
       <LENGTH>020</LENGTH>
       <VISLENGTH>020</VISLENGTH>
       <HEIGHT>001</HEIGHT>
       <FORMAT>CHAR</FORMAT>
       <INPUT_FLD>X</INPUT_FLD>
      </RPY_DYFATC>
     </FIELDS>
     <FLOW_LOGIC>
      <RPY_DYFLOW>
       <LINE>PROCESS BEFORE OUTPUT.</LINE>
      </RPY_DYFLOW>
      <RPY_DYFLOW>
       <LINE>MODULE status_0201.</LINE>
      </RPY_DYFLOW>
      <RPY_DYFLOW/>
      <RPY_DYFLOW>
       <LINE>PROCESS AFTER INPUT.</LINE>
      </RPY_DYFLOW>
      <RPY_DYFLOW>
       <LINE>MODULE user_command_0201.</LINE>
      </RPY_DYFLOW>
     </FLOW_LOGIC>
     <SPACES>
      <item>0</item>
      <item>2</item>
      <item>0</item>
      <item>0</item>
      <item>2</item>
     </SPACES>
    </item>
    <item>
     <HEADER>
      <PROGRAM>ZTEC_HARDCODE</PROGRAM>
      <SCREEN>0302</SCREEN>
      <LANGUAGE>F</LANGUAGE>
      <DESCRIPT>Hardcode - Transport - Sélection Cible</DESCRIPT>
      <TYPE>M</TYPE>
      <NEXTSCREEN>0302</NEXTSCREEN>
      <CURSOR_POS>GS_TRANSPORT_TARGET-SYSTEM</CURSOR_POS>
      <LINES>004</LINES>
      <COLUMNS>043</COLUMNS>
      <NO_TOOLBAR>X</NO_TOOLBAR>
     </HEADER>
     <CONTAINERS>
      <RPY_DYCATT>
       <TYPE>SCREEN</TYPE>
       <NAME>SCREEN</NAME>
      </RPY_DYCATT>
     </CONTAINERS>
     <FIELDS>
      <RPY_DYFATC>
       <CONT_TYPE>SCREEN</CONT_TYPE>
       <CONT_NAME>SCREEN</CONT_NAME>
       <TYPE>TEXT</TYPE>
       <NAME>GS_TRANSPORT_TARGET-SYSTEM</NAME>
       <TEXT>Système_Cible_:</TEXT>
       <LINE>001</LINE>
       <COLUMN>001</COLUMN>
       <LENGTH>015</LENGTH>
       <VISLENGTH>015</VISLENGTH>
       <HEIGHT>001</HEIGHT>
       <FORMAT>CHAR</FORMAT>
       <REQU_ENTRY>N</REQU_ENTRY>
       <LABELLEFT>X</LABELLEFT>
      </RPY_DYFATC>
      <RPY_DYFATC>
       <CONT_TYPE>SCREEN</CONT_TYPE>
       <CONT_NAME>SCREEN</CONT_NAME>
       <TYPE>TEMPLATE</TYPE>
       <NAME>GS_TRANSPORT_TARGET-SYSTEM</NAME>
       <TEXT>________</TEXT>
       <LINE>001</LINE>
       <COLUMN>017</COLUMN>
       <LENGTH>008</LENGTH>
       <VISLENGTH>008</VISLENGTH>
       <HEIGHT>001</HEIGHT>
       <FORMAT>CHAR</FORMAT>
       <INPUT_FLD>X</INPUT_FLD>
       <OUTPUT_FLD>X</OUTPUT_FLD>
       <_--2A_ENTRY>X</_--2A_ENTRY>
      </RPY_DYFATC>
      <RPY_DYFATC>
       <CONT_TYPE>SCREEN</CONT_TYPE>
       <CONT_NAME>SCREEN</CONT_NAME>
       <TYPE>TEXT</TYPE>
       <NAME>GS_TRANSPORT_TARGET-MANDANT</NAME>
       <TEXT>Mandant_Cible_:</TEXT>
       <LINE>002</LINE>
       <COLUMN>001</COLUMN>
       <LENGTH>015</LENGTH>
       <VISLENGTH>015</VISLENGTH>
       <HEIGHT>001</HEIGHT>
       <FORMAT>CHAR</FORMAT>
       <REQU_ENTRY>N</REQU_ENTRY>
       <LABELLEFT>X</LABELLEFT>
      </RPY_DYFATC>
      <RPY_DYFATC>
       <CONT_TYPE>SCREEN</CONT_TYPE>
       <CONT_NAME>SCREEN</CONT_NAME>
       <TYPE>TEMPLATE</TYPE>
       <NAME>GS_TRANSPORT_TARGET-MANDANT</NAME>
       <TEXT>____</TEXT>
       <LINE>002</LINE>
       <COLUMN>017</COLUMN>
       <LENGTH>004</LENGTH>
       <VISLENGTH>004</VISLENGTH>
       <HEIGHT>001</HEIGHT>
       <FORMAT>CHAR</FORMAT>
       <INPUT_FLD>X</INPUT_FLD>
       <OUTPUT_FLD>X</OUTPUT_FLD>
       <_--2A_ENTRY>X</_--2A_ENTRY>
      </RPY_DYFATC>
      <RPY_DYFATC>
       <CONT_TYPE>SCREEN</CONT_TYPE>
       <CONT_NAME>SCREEN</CONT_NAME>
       <TYPE>PUSH</TYPE>
       <NAME>BTN_CANCEL</NAME>
       <TEXT>Annuler_____</TEXT>
       <ICON_NAME>ICON_CANCEL</ICON_NAME>
       <WITH_ICON>X</WITH_ICON>
       <LINE>004</LINE>
       <COLUMN>006</COLUMN>
       <LENGTH>017</LENGTH>
       <VISLENGTH>015</VISLENGTH>
       <HEIGHT>001</HEIGHT>
       <PUSH_FCODE>CANCEL</PUSH_FCODE>
       <FORMAT>CHAR</FORMAT>
       <REQU_ENTRY>N</REQU_ENTRY>
      </RPY_DYFATC>
      <RPY_DYFATC>
       <CONT_TYPE>SCREEN</CONT_TYPE>
       <CONT_NAME>SCREEN</CONT_NAME>
       <TYPE>PUSH</TYPE>
       <NAME>BTN_TRANSPORT</NAME>
       <TEXT>Transporter_</TEXT>
       <ICON_NAME>ICON_TRANSPORT</ICON_NAME>
       <WITH_ICON>X</WITH_ICON>
       <LINE>004</LINE>
       <COLUMN>029</COLUMN>
       <LENGTH>017</LENGTH>
       <VISLENGTH>015</VISLENGTH>
       <HEIGHT>001</HEIGHT>
       <PUSH_FCODE>TRANSPORT</PUSH_FCODE>
       <FORMAT>CHAR</FORMAT>
       <REQU_ENTRY>N</REQU_ENTRY>
      </RPY_DYFATC>
      <RPY_DYFATC>
       <CONT_TYPE>SCREEN</CONT_TYPE>
       <CONT_NAME>SCREEN</CONT_NAME>
       <TYPE>OKCODE</TYPE>
       <TEXT>____________________</TEXT>
       <LENGTH>020</LENGTH>
       <VISLENGTH>020</VISLENGTH>
       <HEIGHT>001</HEIGHT>
       <FORMAT>CHAR</FORMAT>
       <INPUT_FLD>X</INPUT_FLD>
      </RPY_DYFATC>
     </FIELDS>
     <FLOW_LOGIC>
      <RPY_DYFLOW>
       <LINE>PROCESS BEFORE OUTPUT.</LINE>
      </RPY_DYFLOW>
      <RPY_DYFLOW>
       <LINE>MODULE status_0302.</LINE>
      </RPY_DYFLOW>
      <RPY_DYFLOW/>
      <RPY_DYFLOW>
       <LINE>PROCESS AFTER INPUT.</LINE>
      </RPY_DYFLOW>
      <RPY_DYFLOW>
       <LINE>MODULE user_command_0302.</LINE>
      </RPY_DYFLOW>
      <RPY_DYFLOW/>
      <RPY_DYFLOW>
       <LINE>PROCESS ON VALUE-REQUEST.</LINE>
      </RPY_DYFLOW>
      <RPY_DYFLOW>
       <LINE>&quot; Aide à la Recherche Système Cible</LINE>
      </RPY_DYFLOW>
      <RPY_DYFLOW>
       <LINE>FIELD gs_transport_target-system MODULE value_help_system_target.</LINE>
      </RPY_DYFLOW>
     </FLOW_LOGIC>
     <SPACES>
      <item>0</item>
      <item>2</item>
      <item>0</item>
      <item>0</item>
      <item>2</item>
      <item>0</item>
      <item>0</item>
      <item>2</item>
      <item>2</item>
     </SPACES>
    </item>
    <item>
     <HEADER>
      <PROGRAM>ZTEC_HARDCODE</PROGRAM>
      <SCREEN>0301</SCREEN>
      <LANGUAGE>F</LANGUAGE>
      <DESCRIPT>Hardcode - Transport</DESCRIPT>
      <TYPE>N</TYPE>
      <NEXTSCREEN>0301</NEXTSCREEN>
      <LINES>027</LINES>
      <COLUMNS>161</COLUMNS>
     </HEADER>
     <CONTAINERS>
      <RPY_DYCATT>
       <TYPE>SCREEN</TYPE>
       <NAME>SCREEN</NAME>
      </RPY_DYCATT>
      <RPY_DYCATT>
       <TYPE>CUST_CTRL</TYPE>
       <NAME>CC_HARDCODE_TREE_LOCAL</NAME>
       <ELEMENT_OF>SCREEN</ELEMENT_OF>
       <LINE>004</LINE>
       <COLUMN>001</COLUMN>
       <LENGTH>078</LENGTH>
       <HEIGHT>024</HEIGHT>
       <C_LINE_MIN>001</C_LINE_MIN>
       <C_COLN_MIN>001</C_COLN_MIN>
      </RPY_DYCATT>
      <RPY_DYCATT>
       <TYPE>CUST_CTRL</TYPE>
       <NAME>CC_HARDCODE_TREE_TARGET</NAME>
       <ELEMENT_OF>SCREEN</ELEMENT_OF>
       <LINE>004</LINE>
       <COLUMN>081</COLUMN>
       <LENGTH>081</LENGTH>
       <HEIGHT>024</HEIGHT>
       <C_LINE_MIN>001</C_LINE_MIN>
       <C_COLN_MIN>001</C_COLN_MIN>
      </RPY_DYCATT>
     </CONTAINERS>
     <FIELDS>
      <RPY_DYFATC>
       <CONT_TYPE>SCREEN</CONT_TYPE>
       <CONT_NAME>SCREEN</CONT_NAME>
       <TYPE>TEXT</TYPE>
       <NAME>GS_TRANSPORT_TARGET-SYSTEM</NAME>
       <TEXT>Système_cible_:</TEXT>
       <LINE>001</LINE>
       <COLUMN>001</COLUMN>
       <LENGTH>015</LENGTH>
       <VISLENGTH>015</VISLENGTH>
       <HEIGHT>001</HEIGHT>
       <FORMAT>CHAR</FORMAT>
       <REQU_ENTRY>N</REQU_ENTRY>
       <LABELLEFT>X</LABELLEFT>
      </RPY_DYFATC>
      <RPY_DYFATC>
       <CONT_TYPE>SCREEN</CONT_TYPE>
       <CONT_NAME>SCREEN</CONT_NAME>
       <TYPE>TEMPLATE</TYPE>
       <NAME>GS_TRANSPORT_TARGET-SYSTEM</NAME>
       <TEXT>___</TEXT>
       <LINE>001</LINE>
       <COLUMN>017</COLUMN>
       <LENGTH>003</LENGTH>
       <VISLENGTH>003</VISLENGTH>
       <HEIGHT>001</HEIGHT>
       <FORMAT>CHAR</FORMAT>
       <INPUT_FLD>X</INPUT_FLD>
       <OUTPUT_FLD>X</OUTPUT_FLD>
      </RPY_DYFATC>
      <RPY_DYFATC>
       <CONT_TYPE>SCREEN</CONT_TYPE>
       <CONT_NAME>SCREEN</CONT_NAME>
       <TYPE>TEXT</TYPE>
       <NAME>GS_TRANSPORT_TARGET-MANDANT</NAME>
       <TEXT>Mandant_Cible_:</TEXT>
       <LINE>002</LINE>
       <COLUMN>001</COLUMN>
       <LENGTH>015</LENGTH>
       <VISLENGTH>015</VISLENGTH>
       <HEIGHT>001</HEIGHT>
       <FORMAT>CHAR</FORMAT>
       <REQU_ENTRY>N</REQU_ENTRY>
       <LABELRIGHT>X</LABELRIGHT>
      </RPY_DYFATC>
      <RPY_DYFATC>
       <CONT_TYPE>SCREEN</CONT_TYPE>
       <CONT_NAME>SCREEN</CONT_NAME>
       <TYPE>TEMPLATE</TYPE>
       <NAME>GS_TRANSPORT_TARGET-MANDANT</NAME>
       <TEXT>___</TEXT>
       <LINE>002</LINE>
       <COLUMN>017</COLUMN>
       <LENGTH>003</LENGTH>
       <VISLENGTH>003</VISLENGTH>
       <HEIGHT>001</HEIGHT>
       <FORMAT>CHAR</FORMAT>
       <INPUT_FLD>X</INPUT_FLD>
       <OUTPUT_FLD>X</OUTPUT_FLD>
      </RPY_DYFATC>
      <RPY_DYFATC>
       <CONT_TYPE>SCREEN</CONT_TYPE>
       <CONT_NAME>SCREEN</CONT_NAME>
       <TYPE>PUSH</TYPE>
       <NAME>BTN_REFRESH</NAME>
       <TEXT>Rafraîchir____</TEXT>
       <ICON_NAME>ICON_REFRESH</ICON_NAME>
       <WITH_ICON>X</WITH_ICON>
       <LINE>002</LINE>
       <COLUMN>026</COLUMN>
       <LENGTH>019</LENGTH>
       <VISLENGTH>016</VISLENGTH>
       <HEIGHT>001</HEIGHT>
       <PUSH_FCODE>REFRESH</PUSH_FCODE>
       <FORMAT>CHAR</FORMAT>
       <REQU_ENTRY>N</REQU_ENTRY>
      </RPY_DYFATC>
      <RPY_DYFATC>
       <CONT_TYPE>SCREEN</CONT_TYPE>
       <CONT_NAME>SCREEN</CONT_NAME>
       <TYPE>PUSH</TYPE>
       <NAME>BTN_TRANSPORT</NAME>
       <TEXT>Transporter___</TEXT>
       <ICON_NAME>ICON_TRANSPORT</ICON_NAME>
       <WITH_ICON>X</WITH_ICON>
       <LINE>002</LINE>
       <COLUMN>103</COLUMN>
       <LENGTH>019</LENGTH>
       <VISLENGTH>016</VISLENGTH>
       <HEIGHT>001</HEIGHT>
       <PUSH_FCODE>TRANSPORT</PUSH_FCODE>
       <FORMAT>CHAR</FORMAT>
       <REQU_ENTRY>N</REQU_ENTRY>
      </RPY_DYFATC>
      <RPY_DYFATC>
       <CONT_TYPE>SCREEN</CONT_TYPE>
       <CONT_NAME>SCREEN</CONT_NAME>
       <TYPE>TEXT</TYPE>
       <NAME>LOCAL</NAME>
       <TEXT>Local_:_______</TEXT>
       <LINE>003</LINE>
       <COLUMN>001</COLUMN>
       <LENGTH>014</LENGTH>
       <VISLENGTH>014</VISLENGTH>
       <HEIGHT>001</HEIGHT>
       <FORMAT>CHAR</FORMAT>
       <REQU_ENTRY>N</REQU_ENTRY>
      </RPY_DYFATC>
      <RPY_DYFATC>
       <CONT_TYPE>SCREEN</CONT_TYPE>
       <CONT_NAME>SCREEN</CONT_NAME>
       <TYPE>TEXT</TYPE>
       <NAME>TARGET</NAME>
       <TEXT>Cible_:</TEXT>
       <LINE>003</LINE>
       <COLUMN>081</COLUMN>
       <LENGTH>007</LENGTH>
       <VISLENGTH>007</VISLENGTH>
       <HEIGHT>001</HEIGHT>
       <FORMAT>CHAR</FORMAT>
       <REQU_ENTRY>N</REQU_ENTRY>
      </RPY_DYFATC>
      <RPY_DYFATC>
       <CONT_TYPE>SCREEN</CONT_TYPE>
       <CONT_NAME>SCREEN</CONT_NAME>
       <TYPE>OKCODE</TYPE>
       <TEXT>____________________</TEXT>
       <LENGTH>020</LENGTH>
       <VISLENGTH>020</VISLENGTH>
       <HEIGHT>001</HEIGHT>
       <FORMAT>CHAR</FORMAT>
       <INPUT_FLD>X</INPUT_FLD>
      </RPY_DYFATC>
     </FIELDS>
     <FLOW_LOGIC>
      <RPY_DYFLOW>
       <LINE>PROCESS BEFORE OUTPUT.</LINE>
      </RPY_DYFLOW>
      <RPY_DYFLOW>
       <LINE>MODULE status_0301.</LINE>
      </RPY_DYFLOW>
      <RPY_DYFLOW/>
      <RPY_DYFLOW>
       <LINE>PROCESS AFTER INPUT.</LINE>
      </RPY_DYFLOW>
      <RPY_DYFLOW>
       <LINE>MODULE user_command_0301.</LINE>
      </RPY_DYFLOW>
      <RPY_DYFLOW/>
      <RPY_DYFLOW>
       <LINE>PROCESS ON VALUE-REQUEST.</LINE>
      </RPY_DYFLOW>
      <RPY_DYFLOW>
       <LINE>&quot; Aide à la Recherche Système Cible</LINE>
      </RPY_DYFLOW>
      <RPY_DYFLOW>
       <LINE>FIELD gs_transport_target-system MODULE value_help_system_target.</LINE>
      </RPY_DYFLOW>
     </FLOW_LOGIC>
     <SPACES>
      <item>0</item>
      <item>2</item>
      <item>0</item>
      <item>0</item>
      <item>2</item>
      <item>0</item>
      <item>0</item>
      <item>2</item>
      <item>2</item>
     </SPACES>
    </item>
   </DYNPROS>
   <CUA>
    <ADM>
     <ACTCODE>000005</ACTCODE>
     <PFKCODE>000005</PFKCODE>
    </ADM>
    <STA>
     <RSMPE_STAT>
      <CODE>PF_STATUS_0101</CODE>
      <MODAL>D</MODAL>
      <ACTCODE>000001</ACTCODE>
      <PFKCODE>000001</PFKCODE>
      <BUTCODE>0001</BUTCODE>
      <INT_NOTE>Barre de Tâche 0101</INT_NOTE>
     </RSMPE_STAT>
     <RSMPE_STAT>
      <CODE>PF_STATUS_0201</CODE>
      <MODAL>D</MODAL>
      <ACTCODE>000002</ACTCODE>
      <PFKCODE>000002</PFKCODE>
      <BUTCODE>0001</BUTCODE>
      <INT_NOTE>Barre de Tâche 0201</INT_NOTE>
     </RSMPE_STAT>
     <RSMPE_STAT>
      <CODE>PF_STATUS_0301</CODE>
      <MODAL>D</MODAL>
      <ACTCODE>000003</ACTCODE>
      <PFKCODE>000003</PFKCODE>
      <BUTCODE>0001</BUTCODE>
      <INT_NOTE>Barre de Tâche 0301</INT_NOTE>
     </RSMPE_STAT>
     <RSMPE_STAT>
      <CODE>PF_STATUS_0302</CODE>
      <MODAL>D</MODAL>
      <ACTCODE>000004</ACTCODE>
      <PFKCODE>000004</PFKCODE>
      <BUTCODE>0001</BUTCODE>
      <INT_NOTE>Barre de Tâche 0302</INT_NOTE>
     </RSMPE_STAT>
     <RSMPE_STAT>
      <CODE>PF_STATUS_SEL</CODE>
      <MODAL>D</MODAL>
      <ACTCODE>000005</ACTCODE>
      <PFKCODE>000005</PFKCODE>
      <BUTCODE>0001</BUTCODE>
      <INT_NOTE>Statut Ecran de Sélection</INT_NOTE>
     </RSMPE_STAT>
    </STA>
    <FUN>
     <RSMPE_FUNT>
      <CODE>BACK</CODE>
      <TEXTNO>001</TEXTNO>
      <TEXT_TYPE>S</TEXT_TYPE>
      <FUN_TEXT>Retour</FUN_TEXT>
     </RSMPE_FUNT>
     <RSMPE_FUNT>
      <CODE>BACK</CODE>
      <TEXTNO>002</TEXTNO>
      <TEXT_TYPE>S</TEXT_TYPE>
      <FUN_TEXT>Terminer</FUN_TEXT>
     </RSMPE_FUNT>
     <RSMPE_FUNT>
      <CODE>COMPAR</CODE>
      <TEXTNO>001</TEXTNO>
      <TEXT_TYPE>S</TEXT_TYPE>
      <TEXT_NAME>ICON_COMPARE</TEXT_NAME>
      <ICON_ID>@46@</ICON_ID>
      <FUN_TEXT>Comparer</FUN_TEXT>
     </RSMPE_FUNT>
     <RSMPE_FUNT>
      <CODE>COMPARE</CODE>
      <TEXTNO>001</TEXTNO>
      <TEXT_TYPE>S</TEXT_TYPE>
      <TEXT_NAME>ICON_COMPARE</TEXT_NAME>
      <ICON_ID>@46@</ICON_ID>
      <FUN_TEXT>Comparer</FUN_TEXT>
     </RSMPE_FUNT>
     <RSMPE_FUNT>
      <CODE>COPY</CODE>
      <TEXTNO>001</TEXTNO>
      <TEXT_TYPE>S</TEXT_TYPE>
      <TEXT_NAME>ICON_COPY_OBJECT</TEXT_NAME>
      <ICON_ID>@14@</ICON_ID>
      <FUN_TEXT>Copier Hardcode</FUN_TEXT>
     </RSMPE_FUNT>
     <RSMPE_FUNT>
      <CODE>DEL</CODE>
      <TEXTNO>001</TEXTNO>
      <TEXT_TYPE>S</TEXT_TYPE>
      <TEXT_NAME>ICON_DELETE</TEXT_NAME>
      <ICON_ID>@11@</ICON_ID>
      <FUN_TEXT>Supprimer</FUN_TEXT>
     </RSMPE_FUNT>
     <RSMPE_FUNT>
      <CODE>DISPLAY</CODE>
      <TEXTNO>001</TEXTNO>
      <TEXT_TYPE>S</TEXT_TYPE>
      <TEXT_NAME>ICON_START_VIEWER</TEXT_NAME>
      <ICON_ID>@Y2@</ICON_ID>
      <FUN_TEXT>Afficher</FUN_TEXT>
     </RSMPE_FUNT>
     <RSMPE_FUNT>
      <CODE>ENTER</CODE>
      <TEXTNO>001</TEXTNO>
      <TEXT_TYPE>S</TEXT_TYPE>
      <FUN_TEXT>Valider</FUN_TEXT>
     </RSMPE_FUNT>
     <RSMPE_FUNT>
      <CODE>EXEC</CODE>
      <TEXTNO>001</TEXTNO>
      <TEXT_TYPE>S</TEXT_TYPE>
      <TEXT_NAME>ICON_START_VIEWER</TEXT_NAME>
      <ICON_ID>@Y2@</ICON_ID>
      <FUN_TEXT>Exécuter</FUN_TEXT>
     </RSMPE_FUNT>
     <RSMPE_FUNT>
      <CODE>EXIT</CODE>
      <TEXTNO>001</TEXTNO>
      <TEXT_TYPE>S</TEXT_TYPE>
      <FUN_TEXT>Retour</FUN_TEXT>
     </RSMPE_FUNT>
     <RSMPE_FUNT>
      <CODE>EXIT</CODE>
      <TEXTNO>002</TEXTNO>
      <TEXT_TYPE>S</TEXT_TYPE>
      <FUN_TEXT>Terminer</FUN_TEXT>
     </RSMPE_FUNT>
     <RSMPE_FUNT>
      <CODE>IMPEX</CODE>
      <TEXTNO>001</TEXTNO>
      <TEXT_TYPE>S</TEXT_TYPE>
      <TEXT_NAME>ICON_EDIT_FILE</TEXT_NAME>
      <ICON_ID>@HL@</ICON_ID>
      <FUN_TEXT>Import / Export</FUN_TEXT>
     </RSMPE_FUNT>
     <RSMPE_FUNT>
      <CODE>LEAVE</CODE>
      <TEXTNO>001</TEXTNO>
      <TEXT_TYPE>S</TEXT_TYPE>
      <TEXT_NAME>ICON_CANCEL</TEXT_NAME>
      <ICON_ID>@0W@</ICON_ID>
      <FUN_TEXT>Interrompre</FUN_TEXT>
     </RSMPE_FUNT>
     <RSMPE_FUNT>
      <CODE>SAVE</CODE>
      <TEXTNO>001</TEXTNO>
      <TEXT_TYPE>S</TEXT_TYPE>
      <TEXT_NAME>ICON_SYSTEM_SAVE</TEXT_NAME>
      <ICON_ID>@2L@</ICON_ID>
      <FUN_TEXT>Sauvegarder</FUN_TEXT>
     </RSMPE_FUNT>
     <RSMPE_FUNT>
      <CODE>TRANS</CODE>
      <TEXTNO>001</TEXTNO>
      <TEXT_TYPE>S</TEXT_TYPE>
      <TEXT_NAME>ICON_TRANSPORT</TEXT_NAME>
      <ICON_ID>@4A@</ICON_ID>
      <FUN_TEXT>Transporter</FUN_TEXT>
     </RSMPE_FUNT>
     <RSMPE_FUNT>
      <CODE>TRANSPORT</CODE>
      <TEXTNO>001</TEXTNO>
      <TEXT_TYPE>S</TEXT_TYPE>
      <TEXT_NAME>ICON_TRANSPORT</TEXT_NAME>
      <ICON_ID>@4A@</ICON_ID>
      <FUN_TEXT>Transporter</FUN_TEXT>
     </RSMPE_FUNT>
     <RSMPE_FUNT>
      <CODE>USHM</CODE>
      <TEXTNO>001</TEXTNO>
      <TEXT_TYPE>S</TEXT_TYPE>
      <TEXT_NAME>ICON_BIW_INFO_CUBE</TEXT_NAME>
      <ICON_ID>@6H@</ICON_ID>
      <FUN_TEXT>MàJ SHM</FUN_TEXT>
     </RSMPE_FUNT>
    </FUN>
    <BUT>
     <RSMPE_BUT>
      <PFK_CODE>000005</PFK_CODE>
      <CODE>0001</CODE>
      <NO>01</NO>
      <PFNO>08</PFNO>
     </RSMPE_BUT>
     <RSMPE_BUT>
      <PFK_CODE>000005</PFK_CODE>
      <CODE>0001</CODE>
      <NO>02</NO>
      <PFNO>05</PFNO>
     </RSMPE_BUT>
     <RSMPE_BUT>
      <PFK_CODE>000005</PFK_CODE>
      <CODE>0001</CODE>
      <NO>03</NO>
      <PFNO>02</PFNO>
     </RSMPE_BUT>
     <RSMPE_BUT>
      <PFK_CODE>000005</PFK_CODE>
      <CODE>0001</CODE>
      <NO>04</NO>
      <PFNO>06</PFNO>
     </RSMPE_BUT>
     <RSMPE_BUT>
      <PFK_CODE>000005</PFK_CODE>
      <CODE>0001</CODE>
      <NO>05</NO>
      <PFNO>07</PFNO>
     </RSMPE_BUT>
     <RSMPE_BUT>
      <PFK_CODE>000005</PFK_CODE>
      <CODE>0001</CODE>
      <NO>06</NO>
      <PFNO>09</PFNO>
     </RSMPE_BUT>
     <RSMPE_BUT>
      <PFK_CODE>000005</PFK_CODE>
      <CODE>0001</CODE>
      <NO>07</NO>
      <PFNO>13</PFNO>
     </RSMPE_BUT>
    </BUT>
    <PFK>
     <RSMPE_PFK>
      <CODE>000001</CODE>
      <PFNO>00</PFNO>
      <FUNCODE>ENTER</FUNCODE>
      <FUNNO>001</FUNNO>
     </RSMPE_PFK>
     <RSMPE_PFK>
      <CODE>000001</CODE>
      <PFNO>03</PFNO>
      <FUNCODE>EXIT</FUNCODE>
      <FUNNO>001</FUNNO>
     </RSMPE_PFK>
     <RSMPE_PFK>
      <CODE>000001</CODE>
      <PFNO>11</PFNO>
      <FUNCODE>SAVE</FUNCODE>
      <FUNNO>001</FUNNO>
     </RSMPE_PFK>
     <RSMPE_PFK>
      <CODE>000001</CODE>
      <PFNO>12</PFNO>
      <FUNCODE>LEAVE</FUNCODE>
      <FUNNO>001</FUNNO>
     </RSMPE_PFK>
     <RSMPE_PFK>
      <CODE>000001</CODE>
      <PFNO>15</PFNO>
      <FUNCODE>EXIT</FUNCODE>
      <FUNNO>002</FUNNO>
     </RSMPE_PFK>
     <RSMPE_PFK>
      <CODE>000003</CODE>
      <PFNO>03</PFNO>
      <FUNCODE>BACK</FUNCODE>
      <FUNNO>001</FUNNO>
     </RSMPE_PFK>
     <RSMPE_PFK>
      <CODE>000003</CODE>
      <PFNO>12</PFNO>
      <FUNCODE>LEAVE</FUNCODE>
      <FUNNO>001</FUNNO>
     </RSMPE_PFK>
     <RSMPE_PFK>
      <CODE>000003</CODE>
      <PFNO>15</PFNO>
      <FUNCODE>EXIT</FUNCODE>
      <FUNNO>002</FUNNO>
     </RSMPE_PFK>
     <RSMPE_PFK>
      <CODE>000004</CODE>
      <PFNO>12</PFNO>
      <FUNCODE>LEAVE</FUNCODE>
      <FUNNO>001</FUNNO>
     </RSMPE_PFK>
     <RSMPE_PFK>
      <CODE>000004</CODE>
      <PFNO>15</PFNO>
      <FUNCODE>EXIT</FUNCODE>
      <FUNNO>002</FUNNO>
     </RSMPE_PFK>
     <RSMPE_PFK>
      <CODE>000005</CODE>
      <PFNO>02</PFNO>
      <FUNCODE>COPY</FUNCODE>
      <FUNNO>001</FUNNO>
     </RSMPE_PFK>
     <RSMPE_PFK>
      <CODE>000005</CODE>
      <PFNO>03</PFNO>
      <FUNCODE>BACK</FUNCODE>
      <FUNNO>001</FUNNO>
     </RSMPE_PFK>
     <RSMPE_PFK>
      <CODE>000005</CODE>
      <PFNO>05</PFNO>
      <FUNCODE>DEL</FUNCODE>
      <FUNNO>001</FUNNO>
     </RSMPE_PFK>
     <RSMPE_PFK>
      <CODE>000005</CODE>
      <PFNO>06</PFNO>
      <FUNCODE>TRANS</FUNCODE>
      <FUNNO>001</FUNNO>
     </RSMPE_PFK>
     <RSMPE_PFK>
      <CODE>000005</CODE>
      <PFNO>07</PFNO>
      <FUNCODE>USHM</FUNCODE>
      <FUNNO>001</FUNNO>
     </RSMPE_PFK>
     <RSMPE_PFK>
      <CODE>000005</CODE>
      <PFNO>08</PFNO>
      <FUNCODE>DISPLAY</FUNCODE>
      <FUNNO>001</FUNNO>
     </RSMPE_PFK>
     <RSMPE_PFK>
      <CODE>000005</CODE>
      <PFNO>09</PFNO>
      <FUNCODE>IMPEX</FUNCODE>
      <FUNNO>001</FUNNO>
     </RSMPE_PFK>
     <RSMPE_PFK>
      <CODE>000005</CODE>
      <PFNO>12</PFNO>
      <FUNCODE>LEAVE</FUNCODE>
      <FUNNO>001</FUNNO>
     </RSMPE_PFK>
     <RSMPE_PFK>
      <CODE>000005</CODE>
      <PFNO>13</PFNO>
      <FUNCODE>COMPARE</FUNCODE>
      <FUNNO>001</FUNNO>
     </RSMPE_PFK>
     <RSMPE_PFK>
      <CODE>000005</CODE>
      <PFNO>15</PFNO>
      <FUNCODE>BACK</FUNCODE>
      <FUNNO>002</FUNNO>
     </RSMPE_PFK>
    </PFK>
    <SET>
     <RSMPE_STAF>
      <STATUS>PF_STATUS_0101</STATUS>
      <FUNCTION>ENTER</FUNCTION>
     </RSMPE_STAF>
     <RSMPE_STAF>
      <STATUS>PF_STATUS_0101</STATUS>
      <FUNCTION>EXIT</FUNCTION>
     </RSMPE_STAF>
     <RSMPE_STAF>
      <STATUS>PF_STATUS_0101</STATUS>
      <FUNCTION>LEAVE</FUNCTION>
     </RSMPE_STAF>
     <RSMPE_STAF>
      <STATUS>PF_STATUS_0101</STATUS>
      <FUNCTION>SAVE</FUNCTION>
     </RSMPE_STAF>
     <RSMPE_STAF>
      <STATUS>PF_STATUS_0201</STATUS>
      <FUNCTION>ENTER</FUNCTION>
     </RSMPE_STAF>
     <RSMPE_STAF>
      <STATUS>PF_STATUS_0201</STATUS>
      <FUNCTION>EXIT</FUNCTION>
     </RSMPE_STAF>
     <RSMPE_STAF>
      <STATUS>PF_STATUS_0201</STATUS>
      <FUNCTION>LEAVE</FUNCTION>
     </RSMPE_STAF>
     <RSMPE_STAF>
      <STATUS>PF_STATUS_0201</STATUS>
      <FUNCTION>SAVE</FUNCTION>
     </RSMPE_STAF>
     <RSMPE_STAF>
      <STATUS>PF_STATUS_0301</STATUS>
      <FUNCTION>BACK</FUNCTION>
     </RSMPE_STAF>
     <RSMPE_STAF>
      <STATUS>PF_STATUS_0301</STATUS>
      <FUNCTION>EXIT</FUNCTION>
     </RSMPE_STAF>
     <RSMPE_STAF>
      <STATUS>PF_STATUS_0301</STATUS>
      <FUNCTION>LEAVE</FUNCTION>
     </RSMPE_STAF>
     <RSMPE_STAF>
      <STATUS>PF_STATUS_0302</STATUS>
      <FUNCTION>EXIT</FUNCTION>
     </RSMPE_STAF>
     <RSMPE_STAF>
      <STATUS>PF_STATUS_0302</STATUS>
      <FUNCTION>LEAVE</FUNCTION>
     </RSMPE_STAF>
     <RSMPE_STAF>
      <STATUS>PF_STATUS_SEL</STATUS>
      <FUNCTION>BACK</FUNCTION>
     </RSMPE_STAF>
     <RSMPE_STAF>
      <STATUS>PF_STATUS_SEL</STATUS>
      <FUNCTION>COMPAR</FUNCTION>
     </RSMPE_STAF>
     <RSMPE_STAF>
      <STATUS>PF_STATUS_SEL</STATUS>
      <FUNCTION>COMPARE</FUNCTION>
     </RSMPE_STAF>
     <RSMPE_STAF>
      <STATUS>PF_STATUS_SEL</STATUS>
      <FUNCTION>COPY</FUNCTION>
     </RSMPE_STAF>
     <RSMPE_STAF>
      <STATUS>PF_STATUS_SEL</STATUS>
      <FUNCTION>DEL</FUNCTION>
     </RSMPE_STAF>
     <RSMPE_STAF>
      <STATUS>PF_STATUS_SEL</STATUS>
      <FUNCTION>DISPLAY</FUNCTION>
     </RSMPE_STAF>
     <RSMPE_STAF>
      <STATUS>PF_STATUS_SEL</STATUS>
      <FUNCTION>EXEC</FUNCTION>
     </RSMPE_STAF>
     <RSMPE_STAF>
      <STATUS>PF_STATUS_SEL</STATUS>
      <FUNCTION>IMPEX</FUNCTION>
     </RSMPE_STAF>
     <RSMPE_STAF>
      <STATUS>PF_STATUS_SEL</STATUS>
      <FUNCTION>LEAVE</FUNCTION>
     </RSMPE_STAF>
     <RSMPE_STAF>
      <STATUS>PF_STATUS_SEL</STATUS>
      <FUNCTION>TRANS</FUNCTION>
     </RSMPE_STAF>
     <RSMPE_STAF>
      <STATUS>PF_STATUS_SEL</STATUS>
      <FUNCTION>USHM</FUNCTION>
     </RSMPE_STAF>
    </SET>
    <DOC>
     <RSMPE_ATRT>
      <OBJ_TYPE>A</OBJ_TYPE>
      <OBJ_CODE>000001</OBJ_CODE>
      <MODAL>D</MODAL>
      <INT_NOTE>Barre de Tâche 0101</INT_NOTE>
     </RSMPE_ATRT>
     <RSMPE_ATRT>
      <OBJ_TYPE>P</OBJ_TYPE>
      <OBJ_CODE>000001</OBJ_CODE>
      <MODAL>D</MODAL>
      <INT_NOTE>Barre de Tâche 0101</INT_NOTE>
     </RSMPE_ATRT>
     <RSMPE_ATRT>
      <OBJ_TYPE>B</OBJ_TYPE>
      <OBJ_CODE>000001</OBJ_CODE>
      <SUB_CODE>0001</SUB_CODE>
      <MODAL>D</MODAL>
      <INT_NOTE>Barre de Tâche 0101</INT_NOTE>
     </RSMPE_ATRT>
     <RSMPE_ATRT>
      <OBJ_TYPE>A</OBJ_TYPE>
      <OBJ_CODE>000002</OBJ_CODE>
      <MODAL>D</MODAL>
      <INT_NOTE>Barre de Tâche 0201</INT_NOTE>
     </RSMPE_ATRT>
     <RSMPE_ATRT>
      <OBJ_TYPE>P</OBJ_TYPE>
      <OBJ_CODE>000002</OBJ_CODE>
      <MODAL>D</MODAL>
      <INT_NOTE>Barre de Tâche 0201</INT_NOTE>
     </RSMPE_ATRT>
     <RSMPE_ATRT>
      <OBJ_TYPE>B</OBJ_TYPE>
      <OBJ_CODE>000002</OBJ_CODE>
      <SUB_CODE>0001</SUB_CODE>
      <MODAL>D</MODAL>
      <INT_NOTE>Barre de Tâche 0201</INT_NOTE>
     </RSMPE_ATRT>
     <RSMPE_ATRT>
      <OBJ_TYPE>A</OBJ_TYPE>
      <OBJ_CODE>000003</OBJ_CODE>
      <MODAL>D</MODAL>
      <INT_NOTE>Barre de Tâche 0301</INT_NOTE>
     </RSMPE_ATRT>
     <RSMPE_ATRT>
      <OBJ_TYPE>P</OBJ_TYPE>
      <OBJ_CODE>000003</OBJ_CODE>
      <MODAL>D</MODAL>
      <INT_NOTE>Barre de Tâche 0301</INT_NOTE>
     </RSMPE_ATRT>
     <RSMPE_ATRT>
      <OBJ_TYPE>B</OBJ_TYPE>
      <OBJ_CODE>000003</OBJ_CODE>
      <SUB_CODE>0001</SUB_CODE>
      <MODAL>D</MODAL>
      <INT_NOTE>Barre de Tâche 0301</INT_NOTE>
     </RSMPE_ATRT>
     <RSMPE_ATRT>
      <OBJ_TYPE>A</OBJ_TYPE>
      <OBJ_CODE>000004</OBJ_CODE>
      <MODAL>D</MODAL>
      <INT_NOTE>Barre de Tâche 0302</INT_NOTE>
     </RSMPE_ATRT>
     <RSMPE_ATRT>
      <OBJ_TYPE>P</OBJ_TYPE>
      <OBJ_CODE>000004</OBJ_CODE>
      <MODAL>D</MODAL>
      <INT_NOTE>Barre de Tâche 0302</INT_NOTE>
     </RSMPE_ATRT>
     <RSMPE_ATRT>
      <OBJ_TYPE>B</OBJ_TYPE>
      <OBJ_CODE>000004</OBJ_CODE>
      <SUB_CODE>0001</SUB_CODE>
      <MODAL>D</MODAL>
      <INT_NOTE>Barre de Tâche 0302</INT_NOTE>
     </RSMPE_ATRT>
     <RSMPE_ATRT>
      <OBJ_TYPE>A</OBJ_TYPE>
      <OBJ_CODE>000005</OBJ_CODE>
      <MODAL>D</MODAL>
      <INT_NOTE>Statut Ecran de Sélection</INT_NOTE>
     </RSMPE_ATRT>
     <RSMPE_ATRT>
      <OBJ_TYPE>P</OBJ_TYPE>
      <OBJ_CODE>000005</OBJ_CODE>
      <MODAL>D</MODAL>
      <INT_NOTE>Statut Ecran de Sélection</INT_NOTE>
     </RSMPE_ATRT>
     <RSMPE_ATRT>
      <OBJ_TYPE>B</OBJ_TYPE>
      <OBJ_CODE>000005</OBJ_CODE>
      <SUB_CODE>0001</SUB_CODE>
      <MODAL>D</MODAL>
      <INT_NOTE>Statut Ecran de Sélection</INT_NOTE>
     </RSMPE_ATRT>
    </DOC>
    <TIT>
     <RSMPE_TITT>
      <CODE>TITLEBAR_0101</CODE>
      <TEXT>Hardcode - &amp;</TEXT>
     </RSMPE_TITT>
     <RSMPE_TITT>
      <CODE>TITLEBAR_0201</CODE>
      <TEXT>Edition données de l&apos;Attribut &amp;</TEXT>
     </RSMPE_TITT>
     <RSMPE_TITT>
      <CODE>TITLEBAR_0301</CODE>
      <TEXT>Comparaison Hardcode</TEXT>
     </RSMPE_TITT>
    </TIT>
   </CUA>
   <TPOOL>
    <item>
     <ID>I</ID>
     <KEY>ATT</KEY>
     <ENTRY>@4G@</ENTRY>
     <LENGTH>4</LENGTH>
    </item>
    <item>
     <ID>I</ID>
     <KEY>C01</KEY>
     <ENTRY>Rechercher un OT</ENTRY>
     <LENGTH>18</LENGTH>
    </item>
    <item>
     <ID>I</ID>
     <KEY>CAN</KEY>
     <ENTRY>@0W@</ENTRY>
     <LENGTH>4</LENGTH>
    </item>
    <item>
     <ID>I</ID>
     <KEY>CIM</KEY>
     <ENTRY>Import Hardcode</ENTRY>
     <LENGTH>48</LENGTH>
    </item>
    <item>
     <ID>I</ID>
     <KEY>CO2</KEY>
     <ENTRY>Créer un OT</ENTRY>
     <LENGTH>13</LENGTH>
    </item>
    <item>
     <ID>I</ID>
     <KEY>COP</KEY>
     <ENTRY>@14@</ENTRY>
     <LENGTH>14</LENGTH>
    </item>
    <item>
     <ID>I</ID>
     <KEY>COS</KEY>
     <ENTRY>Code Source</ENTRY>
     <LENGTH>11</LENGTH>
    </item>
    <item>
     <ID>I</ID>
     <KEY>CRE</KEY>
     <ENTRY>Créer</ENTRY>
     <LENGTH>5</LENGTH>
    </item>
    <item>
     <ID>I</ID>
     <KEY>CSD</KEY>
     <ENTRY>Modification valeurs</ENTRY>
     <LENGTH>20</LENGTH>
    </item>
    <item>
     <ID>I</ID>
     <KEY>DEL</KEY>
     <ENTRY>@11@</ENTRY>
     <LENGTH>4</LENGTH>
    </item>
    <item>
     <ID>I</ID>
     <KEY>DLO</KEY>
     <ENTRY>Perte de données</ENTRY>
     <LENGTH>16</LENGTH>
    </item>
    <item>
     <ID>I</ID>
     <KEY>EXP</KEY>
     <ENTRY>Exporter</ENTRY>
     <LENGTH>18</LENGTH>
    </item>
    <item>
     <ID>I</ID>
     <KEY>HEA</KEY>
     <ENTRY>Hiérarchie</ENTRY>
     <LENGTH>10</LENGTH>
    </item>
    <item>
     <ID>I</ID>
     <KEY>HIG</KEY>
     <ENTRY>Limite sup.</ENTRY>
     <LENGTH>11</LENGTH>
    </item>
    <item>
     <ID>I</ID>
     <KEY>ICS</KEY>
     <ENTRY>@9U@</ENTRY>
     <LENGTH>14</LENGTH>
    </item>
    <item>
     <ID>I</ID>
     <KEY>IEX</KEY>
     <ENTRY>Import / Export Hardcode</ENTRY>
     <LENGTH>48</LENGTH>
    </item>
    <item>
     <ID>I</ID>
     <KEY>IIE</KEY>
     <ENTRY>@HK@</ENTRY>
     <LENGTH>14</LENGTH>
    </item>
    <item>
     <ID>I</ID>
     <KEY>IIM</KEY>
     <ENTRY>@HJ@</ENTRY>
     <LENGTH>14</LENGTH>
    </item>
    <item>
     <ID>I</ID>
     <KEY>IME</KEY>
     <ENTRY>@HL@</ENTRY>
     <LENGTH>14</LENGTH>
    </item>
    <item>
     <ID>I</ID>
     <KEY>IMP</KEY>
     <ENTRY>Impoter</ENTRY>
     <LENGTH>17</LENGTH>
    </item>
    <item>
     <ID>I</ID>
     <KEY>IP2</KEY>
     <ENTRY>Nouveau nom</ENTRY>
     <LENGTH>21</LENGTH>
    </item>
    <item>
     <ID>I</ID>
     <KEY>IRA</KEY>
     <ENTRY>@OP@</ENTRY>
     <LENGTH>4</LENGTH>
    </item>
    <item>
     <ID>I</ID>
     <KEY>IXP</KEY>
     <ENTRY>Import / Export</ENTRY>
     <LENGTH>25</LENGTH>
    </item>
    <item>
     <ID>I</ID>
     <KEY>LOW</KEY>
     <ENTRY>Limite inf.</ENTRY>
     <LENGTH>11</LENGTH>
    </item>
    <item>
     <ID>I</ID>
     <KEY>MOD</KEY>
     <ENTRY>@0Z@</ENTRY>
     <LENGTH>4</LENGTH>
    </item>
    <item>
     <ID>I</ID>
     <KEY>NAT</KEY>
     <ENTRY>Saisir un nom pour l&apos;Attribut</ENTRY>
     <LENGTH>37</LENGTH>
    </item>
    <item>
     <ID>I</ID>
     <KEY>NON</KEY>
     <ENTRY>Non</ENTRY>
     <LENGTH>3</LENGTH>
    </item>
    <item>
     <ID>I</ID>
     <KEY>NPA</KEY>
     <ENTRY>Saisir un nom pour le Paramètre</ENTRY>
     <LENGTH>39</LENGTH>
    </item>
    <item>
     <ID>I</ID>
     <KEY>NRE</KEY>
     <ENTRY>Saisir un nom pour le Programme</ENTRY>
     <LENGTH>31</LENGTH>
    </item>
    <item>
     <ID>I</ID>
     <KEY>NVE</KEY>
     <ENTRY>Saisir un nom pour la Version</ENTRY>
     <LENGTH>38</LENGTH>
    </item>
    <item>
     <ID>I</ID>
     <KEY>OKA</KEY>
     <ENTRY>@0V@</ENTRY>
     <LENGTH>4</LENGTH>
    </item>
    <item>
     <ID>I</ID>
     <KEY>OPT</KEY>
     <ENTRY>Option</ENTRY>
     <LENGTH>6</LENGTH>
    </item>
    <item>
     <ID>I</ID>
     <KEY>OUI</KEY>
     <ENTRY>Oui</ENTRY>
     <LENGTH>3</LENGTH>
    </item>
    <item>
     <ID>I</ID>
     <KEY>PAR</KEY>
     <ENTRY>@9X@</ENTRY>
     <LENGTH>4</LENGTH>
    </item>
    <item>
     <ID>I</ID>
     <KEY>PDE</KEY>
     <ENTRY>@11@</ENTRY>
     <LENGTH>4</LENGTH>
    </item>
    <item>
     <ID>I</ID>
     <KEY>PRI</KEY>
     <ENTRY>Primarité</ENTRY>
     <LENGTH>9</LENGTH>
    </item>
    <item>
     <ID>I</ID>
     <KEY>RAN</KEY>
     <ENTRY>Range</ENTRY>
     <LENGTH>5</LENGTH>
    </item>
    <item>
     <ID>I</ID>
     <KEY>REP</KEY>
     <ENTRY>@8M@</ENTRY>
     <LENGTH>4</LENGTH>
    </item>
    <item>
     <ID>I</ID>
     <KEY>SHM</KEY>
     <ENTRY>@6H@</ENTRY>
     <LENGTH>4</LENGTH>
    </item>
    <item>
     <ID>I</ID>
     <KEY>SHO</KEY>
     <ENTRY>Multi</ENTRY>
     <LENGTH>5</LENGTH>
    </item>
    <item>
     <ID>I</ID>
     <KEY>SWI</KEY>
     <ENTRY>@9B@</ENTRY>
     <LENGTH>4</LENGTH>
    </item>
    <item>
     <ID>I</ID>
     <KEY>TB1</KEY>
     <ENTRY>Critères de sélection</ENTRY>
     <LENGTH>21</LENGTH>
    </item>
    <item>
     <ID>I</ID>
     <KEY>TCO</KEY>
     <ENTRY>Que souhaitez-vous faire ?</ENTRY>
     <LENGTH>26</LENGTH>
    </item>
    <item>
     <ID>I</ID>
     <KEY>TCY</KEY>
     <ENTRY>Copier</ENTRY>
     <LENGTH>16</LENGTH>
    </item>
    <item>
     <ID>I</ID>
     <KEY>TDE</KEY>
     <ENTRY>Supprimer</ENTRY>
     <LENGTH>9</LENGTH>
    </item>
    <item>
     <ID>I</ID>
     <KEY>TMO</KEY>
     <ENTRY>Modifier</ENTRY>
     <LENGTH>8</LENGTH>
    </item>
    <item>
     <ID>I</ID>
     <KEY>TQ1</KEY>
     <ENTRY>Etes-vous sûr de vouloir supprimer ce Noeud et tous ses enfants ?</ENTRY>
     <LENGTH>65</LENGTH>
    </item>
    <item>
     <ID>I</ID>
     <KEY>TQ2</KEY>
     <ENTRY>Etes-vous sûr de vouloir supprimer les Hardcodes de ce Programme ?</ENTRY>
     <LENGTH>132</LENGTH>
    </item>
    <item>
     <ID>I</ID>
     <KEY>TQ3</KEY>
     <ENTRY>Voulez-vous transporter la suppression de ces Hardcodes ?</ENTRY>
     <LENGTH>114</LENGTH>
    </item>
    <item>
     <ID>I</ID>
     <KEY>TQ4</KEY>
     <ENTRY>Hardcode &amp; existe déjà. Confirmez l&apos;écrasement ?</ENTRY>
     <LENGTH>120</LENGTH>
    </item>
    <item>
     <ID>I</ID>
     <KEY>TQ5</KEY>
     <ENTRY>Souhaitez-vous Importer ou Exporter les Hardcodes ?</ENTRY>
     <LENGTH>102</LENGTH>
    </item>
    <item>
     <ID>I</ID>
     <KEY>TRA</KEY>
     <ENTRY>@7Q@</ENTRY>
     <LENGTH>4</LENGTH>
    </item>
    <item>
     <ID>I</ID>
     <KEY>TSH</KEY>
     <ENTRY>MàJ SHM</ENTRY>
     <LENGTH>17</LENGTH>
    </item>
    <item>
     <ID>I</ID>
     <KEY>TSW</KEY>
     <ENTRY>Modifier Primarité</ENTRY>
     <LENGTH>18</LENGTH>
    </item>
    <item>
     <ID>I</ID>
     <KEY>TTR</KEY>
     <ENTRY>Transporter</ENTRY>
     <LENGTH>11</LENGTH>
    </item>
    <item>
     <ID>I</ID>
     <KEY>VCR</KEY>
     <ENTRY>@EV@</ENTRY>
     <LENGTH>4</LENGTH>
    </item>
    <item>
     <ID>I</ID>
     <KEY>VDE</KEY>
     <ENTRY>@ES@</ENTRY>
     <LENGTH>4</LENGTH>
    </item>
    <item>
     <ID>I</ID>
     <KEY>VER</KEY>
     <ENTRY>@6D@</ENTRY>
     <LENGTH>4</LENGTH>
    </item>
    <item>
     <ID>I</ID>
     <KEY>VSO</KEY>
     <ENTRY>@8I@</ENTRY>
     <LENGTH>4</LENGTH>
    </item>
    <item>
     <ID>I</ID>
     <KEY>VSP</KEY>
     <ENTRY>@3C@</ENTRY>
     <LENGTH>4</LENGTH>
    </item>
    <item>
     <ID>I</ID>
     <KEY>WTE</KEY>
     <ENTRY>Export des Hardcodes</ENTRY>
     <LENGTH>40</LENGTH>
    </item>
    <item>
     <ID>I</ID>
     <KEY>WTI</KEY>
     <ENTRY>Import des Hardcodes</ENTRY>
     <LENGTH>40</LENGTH>
    </item>
    <item>
     <ID>R</ID>
     <ENTRY>Gestion des Hardcodes</ENTRY>
     <LENGTH>21</LENGTH>
    </item>
    <item>
     <ID>S</ID>
     <KEY>P_REPID</KEY>
     <ENTRY>Programme</ENTRY>
     <LENGTH>17</LENGTH>
    </item>
   </TPOOL>
  </asx:values>
 </asx:abap>
</abapGit>
