﻿<?xml version="1.0" encoding="utf-8"?>
<abapGit version="v1.0.0" serializer="LCL_OBJECT_PROG" serializer_version="v1.0.0">
 <asx:abap xmlns:asx="http://www.sap.com/abapxml" version="1.0">
  <asx:values>
   <PROGDIR>
    <NAME>Z_BC_HC_SOURCE_EXEC</NAME>
    <STATE>A</STATE>
    <VARCL>X</VARCL>
    <SUBC>1</SUBC>
    <APPL>*</APPL>
    <RSTAT>K</RSTAT>
    <RLOAD>F</RLOAD>
    <FIXPT>X</FIXPT>
    <UCCHECK>X</UCCHECK>
   </PROGDIR>
   <DYNPROS>
    <item>
     <HEADER>
      <PROGRAM>Z_BC_HC_SOURCE_EXEC</PROGRAM>
      <SCREEN>2000</SCREEN>
      <LANGUAGE>F</LANGUAGE>
      <DESCRIPT>SEL_SCREEN 2000 INFO:170000170000000000000000000030293617286</DESCRIPT>
      <TYPE>J</TYPE>
      <NEXTSCREEN>2000</NEXTSCREEN>
      <CURSOR_POS>SEL_SCREEN 2000 INFO:170000170000000000000000000030293617286</CURSOR_POS>
      <LINES>200</LINES>
      <COLUMNS>120</COLUMNS>
      <KEEP_SCPOS>X</KEEP_SCPOS>
     </HEADER>
     <CONTAINERS>
      <RPY_DYCATT>
       <TYPE>SCREEN</TYPE>
       <NAME>SCREEN</NAME>
      </RPY_DYCATT>
     </CONTAINERS>
     <FIELDS>
      <RPY_DYFATC>
       <CONT_TYPE>SCREEN</CONT_TYPE>
       <CONT_NAME>SCREEN</CONT_NAME>
       <TYPE>FRAME_TMPL</TYPE>
       <NAME>%BTB1001_BLOCK_2000</NAME>
       <TEXT>___________________________________________________________________________________________________________________</TEXT>
       <LINE>001</LINE>
       <COLUMN>001</COLUMN>
       <LENGTH>116</LENGTH>
       <VISLENGTH>116</VISLENGTH>
       <HEIGHT>004</HEIGHT>
       <GROUP3>BLK</GROUP3>
       <FORMAT>CHAR</FORMAT>
       <UP_LOWER>X</UP_LOWER>
       <OUTPUT_FLD>X</OUTPUT_FLD>
       <OUTPUTONLY>X</OUTPUTONLY>
       <REQU_ENTRY>N</REQU_ENTRY>
      </RPY_DYFATC>
      <RPY_DYFATC>
       <CONT_TYPE>SCREEN</CONT_TYPE>
       <CONT_NAME>SCREEN</CONT_NAME>
       <TYPE>TEMPLATE</TYPE>
       <NAME>%_P_PARAM_%_APP_%-TEXT</NAME>
       <TEXT>______________________________</TEXT>
       <LINE>002</LINE>
       <COLUMN>003</COLUMN>
       <LENGTH>030</LENGTH>
       <VISLENGTH>030</VISLENGTH>
       <HEIGHT>001</HEIGHT>
       <GROUP3>TXT</GROUP3>
       <GROUP4>002</GROUP4>
       <FORMAT>CHAR</FORMAT>
       <UP_LOWER>X</UP_LOWER>
       <OUTPUT_FLD>X</OUTPUT_FLD>
       <OUTPUTONLY>X</OUTPUTONLY>
       <REQU_ENTRY>N</REQU_ENTRY>
       <LABELLEFT>X</LABELLEFT>
      </RPY_DYFATC>
      <RPY_DYFATC>
       <CONT_TYPE>SCREEN</CONT_TYPE>
       <CONT_NAME>SCREEN</CONT_NAME>
       <TYPE>TEMPLATE</TYPE>
       <NAME>P_PARAM</NAME>
       <TEXT>______________________________</TEXT>
       <LINE>002</LINE>
       <COLUMN>035</COLUMN>
       <LENGTH>030</LENGTH>
       <VISLENGTH>030</VISLENGTH>
       <HEIGHT>001</HEIGHT>
       <GROUP3>PAR</GROUP3>
       <GROUP4>002</GROUP4>
       <FORMAT>CHAR</FORMAT>
       <INPUT_FLD>X</INPUT_FLD>
       <OUTPUT_FLD>X</OUTPUT_FLD>
       <REQU_ENTRY>O</REQU_ENTRY>
      </RPY_DYFATC>
      <RPY_DYFATC>
       <CONT_TYPE>SCREEN</CONT_TYPE>
       <CONT_NAME>SCREEN</CONT_NAME>
       <TYPE>TEMPLATE</TYPE>
       <NAME>%_P_ATTR_%_APP_%-TEXT</NAME>
       <TEXT>______________________________</TEXT>
       <LINE>003</LINE>
       <COLUMN>003</COLUMN>
       <LENGTH>030</LENGTH>
       <VISLENGTH>030</VISLENGTH>
       <HEIGHT>001</HEIGHT>
       <GROUP3>TXT</GROUP3>
       <GROUP4>003</GROUP4>
       <FORMAT>CHAR</FORMAT>
       <UP_LOWER>X</UP_LOWER>
       <OUTPUT_FLD>X</OUTPUT_FLD>
       <OUTPUTONLY>X</OUTPUTONLY>
       <REQU_ENTRY>N</REQU_ENTRY>
       <LABELLEFT>X</LABELLEFT>
      </RPY_DYFATC>
      <RPY_DYFATC>
       <CONT_TYPE>SCREEN</CONT_TYPE>
       <CONT_NAME>SCREEN</CONT_NAME>
       <TYPE>TEMPLATE</TYPE>
       <NAME>P_ATTR</NAME>
       <TEXT>______________________________</TEXT>
       <LINE>003</LINE>
       <COLUMN>035</COLUMN>
       <LENGTH>030</LENGTH>
       <VISLENGTH>030</VISLENGTH>
       <HEIGHT>001</HEIGHT>
       <GROUP3>PAR</GROUP3>
       <GROUP4>003</GROUP4>
       <FORMAT>CHAR</FORMAT>
       <INPUT_FLD>X</INPUT_FLD>
       <OUTPUT_FLD>X</OUTPUT_FLD>
       <REQU_ENTRY>O</REQU_ENTRY>
      </RPY_DYFATC>
      <RPY_DYFATC>
       <CONT_TYPE>SCREEN</CONT_TYPE>
       <CONT_NAME>SCREEN</CONT_NAME>
       <TYPE>TEXT</TYPE>
       <NAME>%_17NNJ0003769510_%_%_%_%_%_%_</NAME>
       <TEXT>-</TEXT>
       <LINE>005</LINE>
       <COLUMN>001</COLUMN>
       <LENGTH>001</LENGTH>
       <VISLENGTH>001</VISLENGTH>
       <HEIGHT>001</HEIGHT>
       <GROUP4>SRI</GROUP4>
       <FORMAT>CHAR</FORMAT>
       <INPUT_FLD>X</INPUT_FLD>
      </RPY_DYFATC>
      <RPY_DYFATC>
       <CONT_TYPE>SCREEN</CONT_TYPE>
       <CONT_NAME>SCREEN</CONT_NAME>
       <TYPE>OKCODE</TYPE>
       <NAME>SSCRFIELDS-UCOMM</NAME>
       <TEXT>______________________________________________________________________</TEXT>
       <LENGTH>020</LENGTH>
       <VISLENGTH>070</VISLENGTH>
       <HEIGHT>001</HEIGHT>
       <FORMAT>CHAR</FORMAT>
       <FROM_DICT>X</FROM_DICT>
       <FOREIGNKEY>X</FOREIGNKEY>
       <INPUT_FLD>X</INPUT_FLD>
      </RPY_DYFATC>
     </FIELDS>
     <FLOW_LOGIC>
      <RPY_DYFLOW>
       <LINE>PROCESS BEFORE OUTPUT.</LINE>
      </RPY_DYFLOW>
      <RPY_DYFLOW/>
      <RPY_DYFLOW>
       <LINE>MODULE %_INIT_PBO_J.</LINE>
      </RPY_DYFLOW>
      <RPY_DYFLOW/>
      <RPY_DYFLOW>
       <LINE>MODULE %_PBO_REPORT.</LINE>
      </RPY_DYFLOW>
      <RPY_DYFLOW/>
      <RPY_DYFLOW>
       <LINE>MODULE %_PF_STATUS.</LINE>
      </RPY_DYFLOW>
      <RPY_DYFLOW/>
      <RPY_DYFLOW>
       <LINE>MODULE %_END_OF_PBO.</LINE>
      </RPY_DYFLOW>
      <RPY_DYFLOW/>
      <RPY_DYFLOW>
       <LINE>PROCESS AFTER INPUT.</LINE>
      </RPY_DYFLOW>
      <RPY_DYFLOW/>
      <RPY_DYFLOW>
       <LINE>MODULE %_INIT_PAI_J.</LINE>
      </RPY_DYFLOW>
      <RPY_DYFLOW/>
      <RPY_DYFLOW>
       <LINE>FIELD !P_PARAM MODULE %_P_PARAM .</LINE>
      </RPY_DYFLOW>
      <RPY_DYFLOW/>
      <RPY_DYFLOW>
       <LINE>FIELD !P_ATTR MODULE %_P_ATTR .</LINE>
      </RPY_DYFLOW>
      <RPY_DYFLOW/>
      <RPY_DYFLOW/>
      <RPY_DYFLOW>
       <LINE>CHAIN.</LINE>
      </RPY_DYFLOW>
      <RPY_DYFLOW>
       <LINE>FIELD P_PARAM .</LINE>
      </RPY_DYFLOW>
      <RPY_DYFLOW>
       <LINE>FIELD P_ATTR .</LINE>
      </RPY_DYFLOW>
      <RPY_DYFLOW>
       <LINE>MODULE %_BLOCK_2000001.</LINE>
      </RPY_DYFLOW>
      <RPY_DYFLOW>
       <LINE>ENDCHAIN.</LINE>
      </RPY_DYFLOW>
      <RPY_DYFLOW/>
      <RPY_DYFLOW>
       <LINE>CHAIN.</LINE>
      </RPY_DYFLOW>
      <RPY_DYFLOW>
       <LINE>FIELD P_PARAM .</LINE>
      </RPY_DYFLOW>
      <RPY_DYFLOW>
       <LINE>FIELD P_ATTR .</LINE>
      </RPY_DYFLOW>
      <RPY_DYFLOW>
       <LINE>MODULE %_END_OF_SCREEN.</LINE>
      </RPY_DYFLOW>
      <RPY_DYFLOW>
       <LINE>MODULE %_OK_CODE_1000.</LINE>
      </RPY_DYFLOW>
      <RPY_DYFLOW>
       <LINE>ENDCHAIN.</LINE>
      </RPY_DYFLOW>
     </FLOW_LOGIC>
     <SPACES>
      <item>0</item>
      <item>0</item>
      <item>0</item>
      <item>0</item>
      <item>0</item>
      <item>0</item>
      <item>0</item>
      <item>0</item>
      <item>0</item>
      <item>0</item>
      <item>0</item>
      <item>0</item>
      <item>2</item>
      <item>0</item>
      <item>0</item>
      <item>0</item>
      <item>0</item>
      <item>0</item>
      <item>0</item>
      <item>0</item>
      <item>2</item>
      <item>2</item>
      <item>4</item>
      <item>0</item>
      <item>0</item>
      <item>0</item>
      <item>2</item>
      <item>2</item>
      <item>2</item>
      <item>2</item>
      <item>0</item>
     </SPACES>
    </item>
    <item>
     <HEADER>
      <PROGRAM>Z_BC_HC_SOURCE_EXEC</PROGRAM>
      <SCREEN>3000</SCREEN>
      <LANGUAGE>F</LANGUAGE>
      <DESCRIPT>SEL_SCREEN 3000 INFO:170000170000000000000000000030293617286</DESCRIPT>
      <TYPE>J</TYPE>
      <NEXTSCREEN>3000</NEXTSCREEN>
      <CURSOR_POS>SEL_SCREEN 3000 INFO:170000170000000000000000000030293617286</CURSOR_POS>
      <LINES>200</LINES>
      <COLUMNS>120</COLUMNS>
      <KEEP_SCPOS>X</KEEP_SCPOS>
     </HEADER>
     <CONTAINERS>
      <RPY_DYCATT>
       <TYPE>SCREEN</TYPE>
       <NAME>SCREEN</NAME>
      </RPY_DYCATT>
     </CONTAINERS>
     <FIELDS>
      <RPY_DYFATC>
       <CONT_TYPE>SCREEN</CONT_TYPE>
       <CONT_NAME>SCREEN</CONT_NAME>
       <TYPE>FRAME_TMPL</TYPE>
       <NAME>%BTB2001_BLOCK_3000</NAME>
       <TEXT>___________________________________________________________________________________________________________________</TEXT>
       <LINE>001</LINE>
       <COLUMN>001</COLUMN>
       <LENGTH>116</LENGTH>
       <VISLENGTH>116</VISLENGTH>
       <HEIGHT>005</HEIGHT>
       <GROUP3>BLK</GROUP3>
       <FORMAT>CHAR</FORMAT>
       <UP_LOWER>X</UP_LOWER>
       <OUTPUT_FLD>X</OUTPUT_FLD>
       <OUTPUTONLY>X</OUTPUTONLY>
       <REQU_ENTRY>N</REQU_ENTRY>
      </RPY_DYFATC>
      <RPY_DYFATC>
       <CONT_TYPE>SCREEN</CONT_TYPE>
       <CONT_NAME>SCREEN</CONT_NAME>
       <TYPE>TEMPLATE</TYPE>
       <NAME>%_S_UNAME_%_APP_%-TEXT</NAME>
       <TEXT>______________________________</TEXT>
       <ROLLING>X</ROLLING>
       <LINE>002</LINE>
       <COLUMN>003</COLUMN>
       <LENGTH>030</LENGTH>
       <VISLENGTH>028</VISLENGTH>
       <HEIGHT>001</HEIGHT>
       <GROUP3>TXT</GROUP3>
       <GROUP4>002</GROUP4>
       <CXT_MENON>%_SSCR_%_S_S_UNAME</CXT_MENON>
       <FORMAT>CHAR</FORMAT>
       <UP_LOWER>X</UP_LOWER>
       <OUTPUT_FLD>X</OUTPUT_FLD>
       <OUTPUTONLY>X</OUTPUTONLY>
       <REQU_ENTRY>N</REQU_ENTRY>
       <LABELLEFT>X</LABELLEFT>
      </RPY_DYFATC>
      <RPY_DYFATC>
       <CONT_TYPE>SCREEN</CONT_TYPE>
       <CONT_NAME>SCREEN</CONT_NAME>
       <TYPE>TEMPLATE</TYPE>
       <NAME>%_S_UNAME_%_APP_%-OPTI_PUSH</NAME>
       <TEXT>________________________________________</TEXT>
       <ROLLING>X</ROLLING>
       <LINE>002</LINE>
       <COLUMN>032</COLUMN>
       <LENGTH>040</LENGTH>
       <VISLENGTH>002</VISLENGTH>
       <HEIGHT>001</HEIGHT>
       <GROUP3>OPU</GROUP3>
       <GROUP4>002</GROUP4>
       <CXT_MENON>%_SSCR_%_S_S_UNAME</CXT_MENON>
       <FORMAT>CHAR</FORMAT>
       <OUTPUT_FLD>X</OUTPUT_FLD>
       <REQU_ENTRY>N</REQU_ENTRY>
       <_--32_DIMENS>X</_--32_DIMENS>
      </RPY_DYFATC>
      <RPY_DYFATC>
       <CONT_TYPE>SCREEN</CONT_TYPE>
       <CONT_NAME>SCREEN</CONT_NAME>
       <TYPE>TEMPLATE</TYPE>
       <NAME>S_UNAME-LOW</NAME>
       <TEXT>____________</TEXT>
       <LINE>002</LINE>
       <COLUMN>035</COLUMN>
       <LENGTH>012</LENGTH>
       <VISLENGTH>012</VISLENGTH>
       <HEIGHT>001</HEIGHT>
       <GROUP3>LOW</GROUP3>
       <GROUP4>002</GROUP4>
       <CXT_MENON>%_SSCR_%_S_S_UNAME</CXT_MENON>
       <FORMAT>CHAR</FORMAT>
       <INPUT_FLD>X</INPUT_FLD>
       <OUTPUT_FLD>X</OUTPUT_FLD>
      </RPY_DYFATC>
      <RPY_DYFATC>
       <CONT_TYPE>SCREEN</CONT_TYPE>
       <CONT_NAME>SCREEN</CONT_NAME>
       <TYPE>TEMPLATE</TYPE>
       <NAME>%_S_UNAME_%_APP_%-TO_TEXT</NAME>
       <TEXT>_____</TEXT>
       <LINE>002</LINE>
       <COLUMN>054</COLUMN>
       <LENGTH>005</LENGTH>
       <VISLENGTH>005</VISLENGTH>
       <HEIGHT>001</HEIGHT>
       <GROUP3>TOT</GROUP3>
       <GROUP4>002</GROUP4>
       <CXT_MENON>%_SSCR_%_S_S_UNAME</CXT_MENON>
       <FORMAT>CHAR</FORMAT>
       <UP_LOWER>X</UP_LOWER>
       <OUTPUT_FLD>X</OUTPUT_FLD>
       <OUTPUTONLY>X</OUTPUTONLY>
       <REQU_ENTRY>N</REQU_ENTRY>
       <LABELLEFT>X</LABELLEFT>
      </RPY_DYFATC>
      <RPY_DYFATC>
       <CONT_TYPE>SCREEN</CONT_TYPE>
       <CONT_NAME>SCREEN</CONT_NAME>
       <TYPE>TEMPLATE</TYPE>
       <NAME>S_UNAME-HIGH</NAME>
       <TEXT>____________</TEXT>
       <LINE>002</LINE>
       <COLUMN>060</COLUMN>
       <LENGTH>012</LENGTH>
       <VISLENGTH>012</VISLENGTH>
       <HEIGHT>001</HEIGHT>
       <GROUP3>HGH</GROUP3>
       <GROUP4>002</GROUP4>
       <CXT_MENON>%_SSCR_%_S_S_UNAME</CXT_MENON>
       <FORMAT>CHAR</FORMAT>
       <INPUT_FLD>X</INPUT_FLD>
       <OUTPUT_FLD>X</OUTPUT_FLD>
       <PROPERTIES>&lt;TextField&gt;&lt;Name&gt;%_S_UNAME_%_APP_%-TEXT&lt;/Name&gt;&lt;/TextField&gt;</PROPERTIES>
      </RPY_DYFATC>
      <RPY_DYFATC>
       <CONT_TYPE>SCREEN</CONT_TYPE>
       <CONT_NAME>SCREEN</CONT_NAME>
       <TYPE>PUSH_TMPL</TYPE>
       <NAME>%_S_UNAME_%_APP_%-VALU_PUSH</NAME>
       <TEXT>________________________________________</TEXT>
       <LINE>002</LINE>
       <COLUMN>077</COLUMN>
       <LENGTH>040</LENGTH>
       <VISLENGTH>003</VISLENGTH>
       <HEIGHT>001</HEIGHT>
       <GROUP3>VPU</GROUP3>
       <GROUP4>002</GROUP4>
       <PUSH_FCODE>%00230000003769510</PUSH_FCODE>
       <CXT_MENON>%_SSCR_%_S_S_UNAME</CXT_MENON>
       <FORMAT>CHAR</FORMAT>
       <UP_LOWER>X</UP_LOWER>
       <OUTPUT_FLD>X</OUTPUT_FLD>
       <OUTPUTONLY>X</OUTPUTONLY>
       <REQU_ENTRY>N</REQU_ENTRY>
      </RPY_DYFATC>
      <RPY_DYFATC>
       <CONT_TYPE>SCREEN</CONT_TYPE>
       <CONT_NAME>SCREEN</CONT_NAME>
       <TYPE>TEMPLATE</TYPE>
       <NAME>%_S_DATUM_%_APP_%-TEXT</NAME>
       <TEXT>______________________________</TEXT>
       <ROLLING>X</ROLLING>
       <LINE>003</LINE>
       <COLUMN>003</COLUMN>
       <LENGTH>030</LENGTH>
       <VISLENGTH>028</VISLENGTH>
       <HEIGHT>001</HEIGHT>
       <GROUP3>TXT</GROUP3>
       <GROUP4>003</GROUP4>
       <CXT_MENON>%_SSCR_%_S_S_DATUM</CXT_MENON>
       <FORMAT>CHAR</FORMAT>
       <UP_LOWER>X</UP_LOWER>
       <OUTPUT_FLD>X</OUTPUT_FLD>
       <OUTPUTONLY>X</OUTPUTONLY>
       <REQU_ENTRY>N</REQU_ENTRY>
       <LABELLEFT>X</LABELLEFT>
      </RPY_DYFATC>
      <RPY_DYFATC>
       <CONT_TYPE>SCREEN</CONT_TYPE>
       <CONT_NAME>SCREEN</CONT_NAME>
       <TYPE>TEMPLATE</TYPE>
       <NAME>%_S_DATUM_%_APP_%-OPTI_PUSH</NAME>
       <TEXT>________________________________________</TEXT>
       <ROLLING>X</ROLLING>
       <LINE>003</LINE>
       <COLUMN>032</COLUMN>
       <LENGTH>040</LENGTH>
       <VISLENGTH>002</VISLENGTH>
       <HEIGHT>001</HEIGHT>
       <GROUP3>OPU</GROUP3>
       <GROUP4>003</GROUP4>
       <CXT_MENON>%_SSCR_%_S_S_DATUM</CXT_MENON>
       <FORMAT>CHAR</FORMAT>
       <OUTPUT_FLD>X</OUTPUT_FLD>
       <REQU_ENTRY>N</REQU_ENTRY>
       <_--32_DIMENS>X</_--32_DIMENS>
      </RPY_DYFATC>
      <RPY_DYFATC>
       <CONT_TYPE>SCREEN</CONT_TYPE>
       <CONT_NAME>SCREEN</CONT_NAME>
       <TYPE>TEMPLATE</TYPE>
       <NAME>S_DATUM-LOW</NAME>
       <TEXT>__________</TEXT>
       <LINE>003</LINE>
       <COLUMN>035</COLUMN>
       <LENGTH>010</LENGTH>
       <VISLENGTH>010</VISLENGTH>
       <HEIGHT>001</HEIGHT>
       <GROUP3>LOW</GROUP3>
       <GROUP4>003</GROUP4>
       <CXT_MENON>%_SSCR_%_S_S_DATUM</CXT_MENON>
       <FORMAT>DATS</FORMAT>
       <INPUT_FLD>X</INPUT_FLD>
       <OUTPUT_FLD>X</OUTPUT_FLD>
       <POSS_ENTRY>1</POSS_ENTRY>
      </RPY_DYFATC>
      <RPY_DYFATC>
       <CONT_TYPE>SCREEN</CONT_TYPE>
       <CONT_NAME>SCREEN</CONT_NAME>
       <TYPE>TEMPLATE</TYPE>
       <NAME>%_S_DATUM_%_APP_%-TO_TEXT</NAME>
       <TEXT>_____</TEXT>
       <LINE>003</LINE>
       <COLUMN>054</COLUMN>
       <LENGTH>005</LENGTH>
       <VISLENGTH>005</VISLENGTH>
       <HEIGHT>001</HEIGHT>
       <GROUP3>TOT</GROUP3>
       <GROUP4>003</GROUP4>
       <CXT_MENON>%_SSCR_%_S_S_DATUM</CXT_MENON>
       <FORMAT>CHAR</FORMAT>
       <UP_LOWER>X</UP_LOWER>
       <OUTPUT_FLD>X</OUTPUT_FLD>
       <OUTPUTONLY>X</OUTPUTONLY>
       <REQU_ENTRY>N</REQU_ENTRY>
       <LABELLEFT>X</LABELLEFT>
      </RPY_DYFATC>
      <RPY_DYFATC>
       <CONT_TYPE>SCREEN</CONT_TYPE>
       <CONT_NAME>SCREEN</CONT_NAME>
       <TYPE>TEMPLATE</TYPE>
       <NAME>S_DATUM-HIGH</NAME>
       <TEXT>__________</TEXT>
       <LINE>003</LINE>
       <COLUMN>060</COLUMN>
       <LENGTH>010</LENGTH>
       <VISLENGTH>010</VISLENGTH>
       <HEIGHT>001</HEIGHT>
       <GROUP3>HGH</GROUP3>
       <GROUP4>003</GROUP4>
       <CXT_MENON>%_SSCR_%_S_S_DATUM</CXT_MENON>
       <FORMAT>DATS</FORMAT>
       <INPUT_FLD>X</INPUT_FLD>
       <OUTPUT_FLD>X</OUTPUT_FLD>
       <POSS_ENTRY>1</POSS_ENTRY>
       <PROPERTIES>&lt;TextField&gt;&lt;Name&gt;%_S_DATUM_%_APP_%-TEXT&lt;/Name&gt;&lt;/TextField&gt;</PROPERTIES>
      </RPY_DYFATC>
      <RPY_DYFATC>
       <CONT_TYPE>SCREEN</CONT_TYPE>
       <CONT_NAME>SCREEN</CONT_NAME>
       <TYPE>PUSH_TMPL</TYPE>
       <NAME>%_S_DATUM_%_APP_%-VALU_PUSH</NAME>
       <TEXT>________________________________________</TEXT>
       <LINE>003</LINE>
       <COLUMN>077</COLUMN>
       <LENGTH>040</LENGTH>
       <VISLENGTH>003</VISLENGTH>
       <HEIGHT>001</HEIGHT>
       <GROUP3>VPU</GROUP3>
       <GROUP4>003</GROUP4>
       <PUSH_FCODE>%00330000003769510</PUSH_FCODE>
       <CXT_MENON>%_SSCR_%_S_S_DATUM</CXT_MENON>
       <FORMAT>CHAR</FORMAT>
       <UP_LOWER>X</UP_LOWER>
       <OUTPUT_FLD>X</OUTPUT_FLD>
       <OUTPUTONLY>X</OUTPUTONLY>
       <REQU_ENTRY>N</REQU_ENTRY>
      </RPY_DYFATC>
      <RPY_DYFATC>
       <CONT_TYPE>SCREEN</CONT_TYPE>
       <CONT_NAME>SCREEN</CONT_NAME>
       <TYPE>TEMPLATE</TYPE>
       <NAME>%_S_UZEIT_%_APP_%-TEXT</NAME>
       <TEXT>______________________________</TEXT>
       <ROLLING>X</ROLLING>
       <LINE>004</LINE>
       <COLUMN>003</COLUMN>
       <LENGTH>030</LENGTH>
       <VISLENGTH>028</VISLENGTH>
       <HEIGHT>001</HEIGHT>
       <GROUP3>TXT</GROUP3>
       <GROUP4>004</GROUP4>
       <CXT_MENON>%_SSCR_%_S_S_UZEIT</CXT_MENON>
       <FORMAT>CHAR</FORMAT>
       <UP_LOWER>X</UP_LOWER>
       <OUTPUT_FLD>X</OUTPUT_FLD>
       <OUTPUTONLY>X</OUTPUTONLY>
       <REQU_ENTRY>N</REQU_ENTRY>
       <LABELLEFT>X</LABELLEFT>
      </RPY_DYFATC>
      <RPY_DYFATC>
       <CONT_TYPE>SCREEN</CONT_TYPE>
       <CONT_NAME>SCREEN</CONT_NAME>
       <TYPE>TEMPLATE</TYPE>
       <NAME>%_S_UZEIT_%_APP_%-OPTI_PUSH</NAME>
       <TEXT>________________________________________</TEXT>
       <ROLLING>X</ROLLING>
       <LINE>004</LINE>
       <COLUMN>032</COLUMN>
       <LENGTH>040</LENGTH>
       <VISLENGTH>002</VISLENGTH>
       <HEIGHT>001</HEIGHT>
       <GROUP3>OPU</GROUP3>
       <GROUP4>004</GROUP4>
       <CXT_MENON>%_SSCR_%_S_S_UZEIT</CXT_MENON>
       <FORMAT>CHAR</FORMAT>
       <OUTPUT_FLD>X</OUTPUT_FLD>
       <REQU_ENTRY>N</REQU_ENTRY>
       <_--32_DIMENS>X</_--32_DIMENS>
      </RPY_DYFATC>
      <RPY_DYFATC>
       <CONT_TYPE>SCREEN</CONT_TYPE>
       <CONT_NAME>SCREEN</CONT_NAME>
       <TYPE>TEMPLATE</TYPE>
       <NAME>S_UZEIT-LOW</NAME>
       <TEXT>________</TEXT>
       <LINE>004</LINE>
       <COLUMN>035</COLUMN>
       <LENGTH>008</LENGTH>
       <VISLENGTH>008</VISLENGTH>
       <HEIGHT>001</HEIGHT>
       <GROUP3>LOW</GROUP3>
       <GROUP4>004</GROUP4>
       <CXT_MENON>%_SSCR_%_S_S_UZEIT</CXT_MENON>
       <FORMAT>TIMS</FORMAT>
       <INPUT_FLD>X</INPUT_FLD>
       <OUTPUT_FLD>X</OUTPUT_FLD>
       <POSS_ENTRY>1</POSS_ENTRY>
      </RPY_DYFATC>
      <RPY_DYFATC>
       <CONT_TYPE>SCREEN</CONT_TYPE>
       <CONT_NAME>SCREEN</CONT_NAME>
       <TYPE>TEMPLATE</TYPE>
       <NAME>%_S_UZEIT_%_APP_%-TO_TEXT</NAME>
       <TEXT>_____</TEXT>
       <LINE>004</LINE>
       <COLUMN>054</COLUMN>
       <LENGTH>005</LENGTH>
       <VISLENGTH>005</VISLENGTH>
       <HEIGHT>001</HEIGHT>
       <GROUP3>TOT</GROUP3>
       <GROUP4>004</GROUP4>
       <CXT_MENON>%_SSCR_%_S_S_UZEIT</CXT_MENON>
       <FORMAT>CHAR</FORMAT>
       <UP_LOWER>X</UP_LOWER>
       <OUTPUT_FLD>X</OUTPUT_FLD>
       <OUTPUTONLY>X</OUTPUTONLY>
       <REQU_ENTRY>N</REQU_ENTRY>
       <LABELLEFT>X</LABELLEFT>
      </RPY_DYFATC>
      <RPY_DYFATC>
       <CONT_TYPE>SCREEN</CONT_TYPE>
       <CONT_NAME>SCREEN</CONT_NAME>
       <TYPE>TEMPLATE</TYPE>
       <NAME>S_UZEIT-HIGH</NAME>
       <TEXT>________</TEXT>
       <LINE>004</LINE>
       <COLUMN>060</COLUMN>
       <LENGTH>008</LENGTH>
       <VISLENGTH>008</VISLENGTH>
       <HEIGHT>001</HEIGHT>
       <GROUP3>HGH</GROUP3>
       <GROUP4>004</GROUP4>
       <CXT_MENON>%_SSCR_%_S_S_UZEIT</CXT_MENON>
       <FORMAT>TIMS</FORMAT>
       <INPUT_FLD>X</INPUT_FLD>
       <OUTPUT_FLD>X</OUTPUT_FLD>
       <POSS_ENTRY>1</POSS_ENTRY>
       <PROPERTIES>&lt;TextField&gt;&lt;Name&gt;%_S_UZEIT_%_APP_%-TEXT&lt;/Name&gt;&lt;/TextField&gt;</PROPERTIES>
      </RPY_DYFATC>
      <RPY_DYFATC>
       <CONT_TYPE>SCREEN</CONT_TYPE>
       <CONT_NAME>SCREEN</CONT_NAME>
       <TYPE>PUSH_TMPL</TYPE>
       <NAME>%_S_UZEIT_%_APP_%-VALU_PUSH</NAME>
       <TEXT>________________________________________</TEXT>
       <LINE>004</LINE>
       <COLUMN>077</COLUMN>
       <LENGTH>040</LENGTH>
       <VISLENGTH>003</VISLENGTH>
       <HEIGHT>001</HEIGHT>
       <GROUP3>VPU</GROUP3>
       <GROUP4>004</GROUP4>
       <PUSH_FCODE>%00430000003769510</PUSH_FCODE>
       <CXT_MENON>%_SSCR_%_S_S_UZEIT</CXT_MENON>
       <FORMAT>CHAR</FORMAT>
       <UP_LOWER>X</UP_LOWER>
       <OUTPUT_FLD>X</OUTPUT_FLD>
       <OUTPUTONLY>X</OUTPUTONLY>
       <REQU_ENTRY>N</REQU_ENTRY>
      </RPY_DYFATC>
      <RPY_DYFATC>
       <CONT_TYPE>SCREEN</CONT_TYPE>
       <CONT_NAME>SCREEN</CONT_NAME>
       <TYPE>TEXT</TYPE>
       <NAME>%_17SNJ0003769510_%_%_%_%_%_%_</NAME>
       <TEXT>-</TEXT>
       <LINE>006</LINE>
       <COLUMN>001</COLUMN>
       <LENGTH>001</LENGTH>
       <VISLENGTH>001</VISLENGTH>
       <HEIGHT>001</HEIGHT>
       <GROUP4>SRI</GROUP4>
       <FORMAT>CHAR</FORMAT>
       <INPUT_FLD>X</INPUT_FLD>
      </RPY_DYFATC>
      <RPY_DYFATC>
       <CONT_TYPE>SCREEN</CONT_TYPE>
       <CONT_NAME>SCREEN</CONT_NAME>
       <TYPE>OKCODE</TYPE>
       <NAME>SSCRFIELDS-UCOMM</NAME>
       <TEXT>______________________________________________________________________</TEXT>
       <LENGTH>020</LENGTH>
       <VISLENGTH>070</VISLENGTH>
       <HEIGHT>001</HEIGHT>
       <FORMAT>CHAR</FORMAT>
       <FROM_DICT>X</FROM_DICT>
       <FOREIGNKEY>X</FOREIGNKEY>
       <INPUT_FLD>X</INPUT_FLD>
      </RPY_DYFATC>
     </FIELDS>
     <FLOW_LOGIC>
      <RPY_DYFLOW>
       <LINE>PROCESS BEFORE OUTPUT.</LINE>
      </RPY_DYFLOW>
      <RPY_DYFLOW/>
      <RPY_DYFLOW>
       <LINE>MODULE %_INIT_PBO_J.</LINE>
      </RPY_DYFLOW>
      <RPY_DYFLOW/>
      <RPY_DYFLOW>
       <LINE>MODULE %_PBO_REPORT.</LINE>
      </RPY_DYFLOW>
      <RPY_DYFLOW/>
      <RPY_DYFLOW>
       <LINE>MODULE %_PF_STATUS.</LINE>
      </RPY_DYFLOW>
      <RPY_DYFLOW/>
      <RPY_DYFLOW>
       <LINE>MODULE %_S_UNAME.</LINE>
      </RPY_DYFLOW>
      <RPY_DYFLOW/>
      <RPY_DYFLOW>
       <LINE>MODULE %_S_DATUM.</LINE>
      </RPY_DYFLOW>
      <RPY_DYFLOW/>
      <RPY_DYFLOW>
       <LINE>MODULE %_S_UZEIT.</LINE>
      </RPY_DYFLOW>
      <RPY_DYFLOW/>
      <RPY_DYFLOW>
       <LINE>MODULE %_END_OF_PBO.</LINE>
      </RPY_DYFLOW>
      <RPY_DYFLOW/>
      <RPY_DYFLOW>
       <LINE>PROCESS AFTER INPUT.</LINE>
      </RPY_DYFLOW>
      <RPY_DYFLOW/>
      <RPY_DYFLOW>
       <LINE>MODULE %_INIT_PAI_J.</LINE>
      </RPY_DYFLOW>
      <RPY_DYFLOW/>
      <RPY_DYFLOW>
       <LINE>CHAIN.</LINE>
      </RPY_DYFLOW>
      <RPY_DYFLOW>
       <LINE>FIELD  S_UNAME-LOW.</LINE>
      </RPY_DYFLOW>
      <RPY_DYFLOW>
       <LINE>FIELD  S_UNAME-HIGH.</LINE>
      </RPY_DYFLOW>
      <RPY_DYFLOW>
       <LINE>MODULE %_S_UNAME.</LINE>
      </RPY_DYFLOW>
      <RPY_DYFLOW>
       <LINE>ENDCHAIN.</LINE>
      </RPY_DYFLOW>
      <RPY_DYFLOW/>
      <RPY_DYFLOW>
       <LINE>CHAIN.</LINE>
      </RPY_DYFLOW>
      <RPY_DYFLOW>
       <LINE>FIELD  S_DATUM-LOW.</LINE>
      </RPY_DYFLOW>
      <RPY_DYFLOW>
       <LINE>FIELD  S_DATUM-HIGH.</LINE>
      </RPY_DYFLOW>
      <RPY_DYFLOW>
       <LINE>MODULE %_S_DATUM.</LINE>
      </RPY_DYFLOW>
      <RPY_DYFLOW>
       <LINE>ENDCHAIN.</LINE>
      </RPY_DYFLOW>
      <RPY_DYFLOW/>
      <RPY_DYFLOW>
       <LINE>CHAIN.</LINE>
      </RPY_DYFLOW>
      <RPY_DYFLOW>
       <LINE>FIELD  S_UZEIT-LOW.</LINE>
      </RPY_DYFLOW>
      <RPY_DYFLOW>
       <LINE>FIELD  S_UZEIT-HIGH.</LINE>
      </RPY_DYFLOW>
      <RPY_DYFLOW>
       <LINE>MODULE %_S_UZEIT.</LINE>
      </RPY_DYFLOW>
      <RPY_DYFLOW>
       <LINE>ENDCHAIN.</LINE>
      </RPY_DYFLOW>
      <RPY_DYFLOW/>
      <RPY_DYFLOW/>
      <RPY_DYFLOW>
       <LINE>CHAIN.</LINE>
      </RPY_DYFLOW>
      <RPY_DYFLOW>
       <LINE>FIELD  S_UNAME-LOW.</LINE>
      </RPY_DYFLOW>
      <RPY_DYFLOW>
       <LINE>FIELD  S_UNAME-HIGH.</LINE>
      </RPY_DYFLOW>
      <RPY_DYFLOW>
       <LINE>FIELD  S_DATUM-LOW.</LINE>
      </RPY_DYFLOW>
      <RPY_DYFLOW>
       <LINE>FIELD  S_DATUM-HIGH.</LINE>
      </RPY_DYFLOW>
      <RPY_DYFLOW>
       <LINE>FIELD  S_UZEIT-LOW.</LINE>
      </RPY_DYFLOW>
      <RPY_DYFLOW>
       <LINE>FIELD  S_UZEIT-HIGH.</LINE>
      </RPY_DYFLOW>
      <RPY_DYFLOW>
       <LINE>MODULE %_BLOCK_3000001.</LINE>
      </RPY_DYFLOW>
      <RPY_DYFLOW>
       <LINE>ENDCHAIN.</LINE>
      </RPY_DYFLOW>
      <RPY_DYFLOW/>
      <RPY_DYFLOW>
       <LINE>CHAIN.</LINE>
      </RPY_DYFLOW>
      <RPY_DYFLOW>
       <LINE>FIELD  S_UNAME-LOW.</LINE>
      </RPY_DYFLOW>
      <RPY_DYFLOW>
       <LINE>FIELD  S_UNAME-HIGH.</LINE>
      </RPY_DYFLOW>
      <RPY_DYFLOW>
       <LINE>FIELD  S_DATUM-LOW.</LINE>
      </RPY_DYFLOW>
      <RPY_DYFLOW>
       <LINE>FIELD  S_DATUM-HIGH.</LINE>
      </RPY_DYFLOW>
      <RPY_DYFLOW>
       <LINE>FIELD  S_UZEIT-LOW.</LINE>
      </RPY_DYFLOW>
      <RPY_DYFLOW>
       <LINE>FIELD  S_UZEIT-HIGH.</LINE>
      </RPY_DYFLOW>
      <RPY_DYFLOW>
       <LINE>MODULE %_END_OF_SCREEN.</LINE>
      </RPY_DYFLOW>
      <RPY_DYFLOW>
       <LINE>MODULE %_OK_CODE_1000.</LINE>
      </RPY_DYFLOW>
      <RPY_DYFLOW>
       <LINE>ENDCHAIN.</LINE>
      </RPY_DYFLOW>
     </FLOW_LOGIC>
     <SPACES>
      <item>0</item>
      <item>0</item>
      <item>0</item>
      <item>0</item>
      <item>0</item>
      <item>0</item>
      <item>0</item>
      <item>0</item>
      <item>0</item>
      <item>0</item>
      <item>0</item>
      <item>0</item>
      <item>0</item>
      <item>0</item>
      <item>0</item>
      <item>0</item>
      <item>0</item>
      <item>0</item>
      <item>2</item>
      <item>0</item>
      <item>0</item>
      <item>2</item>
      <item>2</item>
      <item>2</item>
      <item>0</item>
      <item>0</item>
      <item>0</item>
      <item>2</item>
      <item>2</item>
      <item>2</item>
      <item>0</item>
      <item>0</item>
      <item>0</item>
      <item>2</item>
      <item>2</item>
      <item>2</item>
      <item>0</item>
      <item>0</item>
      <item>0</item>
      <item>0</item>
      <item>2</item>
      <item>2</item>
      <item>2</item>
      <item>2</item>
      <item>2</item>
      <item>2</item>
      <item>4</item>
      <item>0</item>
      <item>0</item>
      <item>0</item>
      <item>2</item>
      <item>2</item>
      <item>2</item>
      <item>2</item>
      <item>2</item>
      <item>2</item>
      <item>2</item>
      <item>2</item>
      <item>0</item>
     </SPACES>
    </item>
   </DYNPROS>
   <TPOOL>
    <item>
     <ID>I</ID>
     <KEY>SC1</KEY>
     <ENTRY>Exécution</ENTRY>
     <LENGTH>19</LENGTH>
    </item>
    <item>
     <ID>I</ID>
     <KEY>SC2</KEY>
     <ENTRY>Log exécution</ENTRY>
     <LENGTH>23</LENGTH>
    </item>
    <item>
     <ID>I</ID>
     <KEY>TB1</KEY>
     <ENTRY>Critère de sélection</ENTRY>
     <LENGTH>40</LENGTH>
    </item>
    <item>
     <ID>I</ID>
     <KEY>TB2</KEY>
     <ENTRY>Critères de sélection</ENTRY>
     <LENGTH>42</LENGTH>
    </item>
    <item>
     <ID>R</ID>
     <ENTRY>Hardcode - Exécution du code source défini</ENTRY>
     <LENGTH>42</LENGTH>
    </item>
    <item>
     <ID>S</ID>
     <KEY>P_ATTR</KEY>
     <ENTRY>.</ENTRY>
     <LENGTH>16</LENGTH>
     <SPLIT>D</SPLIT>
    </item>
    <item>
     <ID>S</ID>
     <KEY>P_PARAM</KEY>
     <ENTRY>.</ENTRY>
     <LENGTH>17</LENGTH>
     <SPLIT>D</SPLIT>
    </item>
    <item>
     <ID>S</ID>
     <KEY>S_DATUM</KEY>
     <ENTRY>Lancer à (date)</ENTRY>
     <LENGTH>23</LENGTH>
    </item>
    <item>
     <ID>S</ID>
     <KEY>S_UNAME</KEY>
     <ENTRY>Lancer par</ENTRY>
     <LENGTH>18</LENGTH>
    </item>
    <item>
     <ID>S</ID>
     <KEY>S_UZEIT</KEY>
     <ENTRY>Lancer à (heure)</ENTRY>
     <LENGTH>24</LENGTH>
    </item>
   </TPOOL>
  </asx:values>
 </asx:abap>
</abapGit>
