﻿<?xml version="1.0" encoding="utf-8"?>
<abapGit version="v1.0.0" serializer="LCL_OBJECT_CLAS" serializer_version="v1.0.0">
 <asx:abap xmlns:asx="http://www.sap.com/abapxml" version="1.0">
  <asx:values>
   <VSEOCLASS>
    <CLSNAME>ZCL_DYNAMIC_SOURCE_CODE</CLSNAME>
    <VERSION>1</VERSION>
    <LANGU>F</LANGU>
    <DESCRIPT>Code Source Dynamique</DESCRIPT>
    <EXPOSURE>2</EXPOSURE>
    <STATE>1</STATE>
    <CLSFINAL>X</CLSFINAL>
    <CLSCCINCL>X</CLSCCINCL>
    <FIXPT>X</FIXPT>
    <UNICODE>X</UNICODE>
   </VSEOCLASS>
   <TPOOL/>
   <DESCRIPTIONS>
    <SEOCOMPOTX>
     <CLSNAME>ZCL_DYNAMIC_SOURCE_CODE</CLSNAME>
     <CMPNAME>EXECUTE</CMPNAME>
     <LANGU>F</LANGU>
     <DESCRIPT>Code Source - Exécution</DESCRIPT>
    </SEOCOMPOTX>
    <SEOCOMPOTX>
     <CLSNAME>ZCL_DYNAMIC_SOURCE_CODE</CLSNAME>
     <CMPNAME>EXECUTE_SELECT_DYNAMIC</CMPNAME>
     <LANGU>F</LANGU>
     <DESCRIPT>Code Source - SELECT - Exécution</DESCRIPT>
    </SEOCOMPOTX>
    <SEOCOMPOTX>
     <CLSNAME>ZCL_DYNAMIC_SOURCE_CODE</CLSNAME>
     <CMPNAME>EXECUTION_LOG_SOURCE_CODE_GET</CMPNAME>
     <LANGU>F</LANGU>
     <DESCRIPT>Récupération Code Source exécution</DESCRIPT>
    </SEOCOMPOTX>
    <SEOCOMPOTX>
     <CLSNAME>ZCL_DYNAMIC_SOURCE_CODE</CLSNAME>
     <CMPNAME>_AUTORIZATION_CHECK</CMPNAME>
     <LANGU>F</LANGU>
     <DESCRIPT>Contrôle autorisation des instructions</DESCRIPT>
    </SEOCOMPOTX>
    <SEOCOMPOTX>
     <CLSNAME>ZCL_DYNAMIC_SOURCE_CODE</CLSNAME>
     <CMPNAME>_EXECUTION_LOG</CMPNAME>
     <LANGU>F</LANGU>
     <DESCRIPT>Trace l&apos;exécution</DESCRIPT>
    </SEOCOMPOTX>
    <SEOCOMPOTX>
     <CLSNAME>ZCL_DYNAMIC_SOURCE_CODE</CLSNAME>
     <CMPNAME>_MANDATORY_INSTRUCTION_CHECK</CMPNAME>
     <LANGU>F</LANGU>
     <DESCRIPT>Code Source - Instruction Obligatoire - Contrôle</DESCRIPT>
    </SEOCOMPOTX>
    <SEOCOMPOTX>
     <CLSNAME>ZCL_DYNAMIC_SOURCE_CODE</CLSNAME>
     <CMPNAME>_SOURCE_CODE_FORMAT</CMPNAME>
     <LANGU>F</LANGU>
     <DESCRIPT>Code Source - Formattage</DESCRIPT>
    </SEOCOMPOTX>
    <SEOCOMPOTX>
     <CLSNAME>ZCL_DYNAMIC_SOURCE_CODE</CLSNAME>
     <CMPNAME>_SYNTAX_CHECK</CMPNAME>
     <LANGU>F</LANGU>
     <DESCRIPT>Contrôle syntaxique</DESCRIPT>
    </SEOCOMPOTX>
   </DESCRIPTIONS>
  </asx:values>
 </asx:abap>
</abapGit>
