﻿<?xml version="1.0" encoding="utf-8"?>
<abapGit version="v1.0.0" serializer="LCL_OBJECT_MSAG" serializer_version="v1.0.0">
 <asx:abap xmlns:asx="http://www.sap.com/abapxml" version="1.0">
  <asx:values>
   <T100A>
    <ARBGB>ZHARDCODE</ARBGB>
    <MASTERLANG>F</MASTERLANG>
    <STEXT>Hardcode - Classe message</STEXT>
   </T100A>
   <T100>
    <T100>
     <SPRSL>F</SPRSL>
     <ARBGB>ZHARDCODE</ARBGB>
     <MSGNR>000</MSGNR>
     <TEXT>[Général]</TEXT>
    </T100>
    <T100>
     <SPRSL>F</SPRSL>
     <ARBGB>ZHARDCODE</ARBGB>
     <MSGNR>001</MSGNR>
     <TEXT>Aucun hardcode (actif) présent pour le programme &amp;.</TEXT>
    </T100>
    <T100>
     <SPRSL>F</SPRSL>
     <ARBGB>ZHARDCODE</ARBGB>
     <MSGNR>002</MSGNR>
     <TEXT>Veuillez sélectionner une ligne &quot;Version&quot;.</TEXT>
    </T100>
    <T100>
     <SPRSL>F</SPRSL>
     <ARBGB>ZHARDCODE</ARBGB>
     <MSGNR>003</MSGNR>
     <TEXT>Hardcode ajouté dans l&apos;OT &amp;.</TEXT>
    </T100>
    <T100>
     <SPRSL>F</SPRSL>
     <ARBGB>ZHARDCODE</ARBGB>
     <MSGNR>004</MSGNR>
     <TEXT>Inconsistence détéctée dans la table des Hardcodes.</TEXT>
    </T100>
    <T100>
     <SPRSL>F</SPRSL>
     <ARBGB>ZHARDCODE</ARBGB>
     <MSGNR>005</MSGNR>
     <TEXT>Hardcode existe déjà pour le programme &amp;.</TEXT>
    </T100>
    <T100>
     <SPRSL>F</SPRSL>
     <ARBGB>ZHARDCODE</ARBGB>
     <MSGNR>006</MSGNR>
     <TEXT>Hardcode &amp; copié sur &amp;</TEXT>
    </T100>
    <T100>
     <SPRSL>F</SPRSL>
     <ARBGB>ZHARDCODE</ARBGB>
     <MSGNR>007</MSGNR>
     <TEXT>Hardcode &amp; supprimé</TEXT>
    </T100>
    <T100>
     <SPRSL>F</SPRSL>
     <ARBGB>ZHARDCODE</ARBGB>
     <MSGNR>008</MSGNR>
     <TEXT>Hardcode transporté sur le système cible.</TEXT>
    </T100>
    <T100>
     <SPRSL>F</SPRSL>
     <ARBGB>ZHARDCODE</ARBGB>
     <MSGNR>009</MSGNR>
     <TEXT>Système cible obligatoire.</TEXT>
    </T100>
    <T100>
     <SPRSL>F</SPRSL>
     <ARBGB>ZHARDCODE</ARBGB>
     <MSGNR>010</MSGNR>
     <TEXT>Mandant cible obligatoire.</TEXT>
    </T100>
    <T100>
     <SPRSL>F</SPRSL>
     <ARBGB>ZHARDCODE</ARBGB>
     <MSGNR>011</MSGNR>
     <TEXT>Système / Mandant cible = Système / Mandant source</TEXT>
    </T100>
    <T100>
     <SPRSL>F</SPRSL>
     <ARBGB>ZHARDCODE</ARBGB>
     <MSGNR>012</MSGNR>
     <TEXT>Aucune log d&apos;exécution disponible.</TEXT>
    </T100>
    <T100>
     <SPRSL>F</SPRSL>
     <ARBGB>ZHARDCODE</ARBGB>
     <MSGNR>100</MSGNR>
     <TEXT>[ Version ]</TEXT>
    </T100>
    <T100>
     <SPRSL>F</SPRSL>
     <ARBGB>ZHARDCODE</ARBGB>
     <MSGNR>101</MSGNR>
     <TEXT>La Version &amp; existe déjà pour le Programme &amp;.</TEXT>
    </T100>
    <T100>
     <SPRSL>F</SPRSL>
     <ARBGB>ZHARDCODE</ARBGB>
     <MSGNR>102</MSGNR>
     <TEXT>La Version &amp; n&apos;existe pas pour le Programme &amp;.</TEXT>
    </T100>
    <T100>
     <SPRSL>F</SPRSL>
     <ARBGB>ZHARDCODE</ARBGB>
     <MSGNR>103</MSGNR>
     <TEXT>Au moins une Version doit être définie comme &quot;Primaire&quot;.</TEXT>
    </T100>
    <T100>
     <SPRSL>F</SPRSL>
     <ARBGB>ZHARDCODE</ARBGB>
     <MSGNR>104</MSGNR>
     <TEXT>Veuillez saisir un nom de Version valide.</TEXT>
    </T100>
    <T100>
     <SPRSL>F</SPRSL>
     <ARBGB>ZHARDCODE</ARBGB>
     <MSGNR>200</MSGNR>
     <TEXT>[ Paramètre ]</TEXT>
    </T100>
    <T100>
     <SPRSL>F</SPRSL>
     <ARBGB>ZHARDCODE</ARBGB>
     <MSGNR>201</MSGNR>
     <TEXT>Le Paramètre &amp; n&apos;existe pas pour la Version &amp;.</TEXT>
    </T100>
    <T100>
     <SPRSL>F</SPRSL>
     <ARBGB>ZHARDCODE</ARBGB>
     <MSGNR>202</MSGNR>
     <TEXT>Le Paramètre &amp; existe déjà.</TEXT>
    </T100>
    <T100>
     <SPRSL>F</SPRSL>
     <ARBGB>ZHARDCODE</ARBGB>
     <MSGNR>203</MSGNR>
     <TEXT>Veuillez saisir un nom de Paramètre valide.</TEXT>
    </T100>
    <T100>
     <SPRSL>F</SPRSL>
     <ARBGB>ZHARDCODE</ARBGB>
     <MSGNR>300</MSGNR>
     <TEXT>[ Attribut ]</TEXT>
    </T100>
    <T100>
     <SPRSL>F</SPRSL>
     <ARBGB>ZHARDCODE</ARBGB>
     <MSGNR>301</MSGNR>
     <TEXT>L&apos;Attribut &amp; n&apos;existe pas.</TEXT>
    </T100>
    <T100>
     <SPRSL>F</SPRSL>
     <ARBGB>ZHARDCODE</ARBGB>
     <MSGNR>302</MSGNR>
     <TEXT>L&apos;Attribut &amp; existe déjà.</TEXT>
    </T100>
    <T100>
     <SPRSL>F</SPRSL>
     <ARBGB>ZHARDCODE</ARBGB>
     <MSGNR>303</MSGNR>
     <TEXT>Veuillez saisir un nom d&apos;Attribut valide.</TEXT>
    </T100>
    <T100>
     <SPRSL>F</SPRSL>
     <ARBGB>ZHARDCODE</ARBGB>
     <MSGNR>400</MSGNR>
     <TEXT>[Exploitation]</TEXT>
    </T100>
    <T100>
     <SPRSL>F</SPRSL>
     <ARBGB>ZHARDCODE</ARBGB>
     <MSGNR>401</MSGNR>
     <TEXT>Dans ce cas le numéro de Version est obligatoire.</TEXT>
    </T100>
    <T100>
     <SPRSL>F</SPRSL>
     <ARBGB>ZHARDCODE</ARBGB>
     <MSGNR>402</MSGNR>
     <TEXT>Aucune valeur attribuée avec la combinaison de clef spécifiée.</TEXT>
    </T100>
    <T100>
     <SPRSL>F</SPRSL>
     <ARBGB>ZHARDCODE</ARBGB>
     <MSGNR>500</MSGNR>
     <TEXT>[ Maintenance ]</TEXT>
    </T100>
    <T100>
     <SPRSL>F</SPRSL>
     <ARBGB>ZHARDCODE</ARBGB>
     <MSGNR>501</MSGNR>
     <TEXT>Pas assez de paramètre renseigné</TEXT>
    </T100>
    <T100>
     <SPRSL>F</SPRSL>
     <ARBGB>ZHARDCODE</ARBGB>
     <MSGNR>502</MSGNR>
     <TEXT>Veuillez sélectionner un fichier Hardcode</TEXT>
    </T100>
    <T100>
     <SPRSL>F</SPRSL>
     <ARBGB>ZHARDCODE</ARBGB>
     <MSGNR>503</MSGNR>
     <TEXT>Hardcode en cours de traitement &lt;&gt; Hardcode du fichier</TEXT>
    </T100>
    <T100>
     <SPRSL>F</SPRSL>
     <ARBGB>ZHARDCODE</ARBGB>
     <MSGNR>504</MSGNR>
     <TEXT>Nom du fichier obligatoire</TEXT>
    </T100>
    <T100>
     <SPRSL>F</SPRSL>
     <ARBGB>ZHARDCODE</ARBGB>
     <MSGNR>505</MSGNR>
     <TEXT>Hardcode &amp; importé</TEXT>
    </T100>
    <T100>
     <SPRSL>F</SPRSL>
     <ARBGB>ZHARDCODE</ARBGB>
     <MSGNR>600</MSGNR>
     <TEXT>[ SHM ]</TEXT>
    </T100>
    <T100>
     <SPRSL>F</SPRSL>
     <ARBGB>ZHARDCODE</ARBGB>
     <MSGNR>601</MSGNR>
     <TEXT>Hardcode &amp; géré en mémoire partagée</TEXT>
    </T100>
   </T100>
  </asx:values>
 </asx:abap>
</abapGit>
