﻿<?xml version="1.0" encoding="utf-8"?>
<abapGit version="v1.0.0" serializer="LCL_OBJECT_TTYP" serializer_version="v1.0.0">
 <asx:abap xmlns:asx="http://www.sap.com/abapxml" version="1.0">
  <asx:values>
   <DD40V>
    <TYPENAME>ZTEC_T_HC_ATTRIBUTE_SOURCE</TYPENAME>
    <DDLANGUAGE>F</DDLANGUAGE>
    <ROWTYPE>ZTEC_S_HC_ATTRIBUTE_SOURCE</ROWTYPE>
    <ROWKIND>S</ROWKIND>
    <DATATYPE>STRU</DATATYPE>
    <ACCESSMODE>S</ACCESSMODE>
    <KEYDEF>K</KEYDEF>
    <KEYKIND>U</KEYKIND>
    <KEYFDCOUNT>0001</KEYFDCOUNT>
    <DDTEXT>Hardcode - ZTEC_S_HC_ATTRIBUTE_SOURCE</DDTEXT>
   </DD40V>
   <DD42V>
    <DD42V>
     <TYPENAME>ZTEC_T_HC_ATTRIBUTE_SOURCE</TYPENAME>
     <KEYFDPOS>0001</KEYFDPOS>
     <ROWTYPEPOS>0001</ROWTYPEPOS>
     <KEYFIELD>ATTRIBUTE_GUID_REGROUP</KEYFIELD>
    </DD42V>
   </DD42V>
   <DD43V/>
  </asx:values>
 </asx:abap>
</abapGit>
