﻿<?xml version="1.0" encoding="utf-8"?>
<abapGit version="v1.0.0" serializer="LCL_OBJECT_TABL" serializer_version="v1.0.0">
 <asx:abap xmlns:asx="http://www.sap.com/abapxml" version="1.0">
  <asx:values>
   <DD02V>
    <TABNAME>ZTEC_T_HC_VERS</TABNAME>
    <DDLANGUAGE>F</DDLANGUAGE>
    <TABCLASS>TRANSP</TABCLASS>
    <CLIDEP>X</CLIDEP>
    <DDTEXT>HC - Table des Versions</DDTEXT>
    <CONTFLAG>C</CONTFLAG>
    <EXCLASS>1</EXCLASS>
   </DD02V>
   <DD09L>
    <TABNAME>ZTEC_T_HC_VERS</TABNAME>
    <AS4LOCAL>A</AS4LOCAL>
    <TABKAT>0</TABKAT>
    <TABART>APPL0</TABART>
    <PUFFERUNG>X</PUFFERUNG>
    <BUFALLOW>X</BUFALLOW>
    <JAVAONLY>X</JAVAONLY>
    <ROWORCOLST>C</ROWORCOLST>
   </DD09L>
   <DD03P_TABLE>
    <DD03P>
     <TABNAME>ZTEC_T_HC_VERS</TABNAME>
     <FIELDNAME>MANDT</FIELDNAME>
     <POSITION>0001</POSITION>
     <KEYFLAG>X</KEYFLAG>
     <ROLLNAME>MANDT</ROLLNAME>
     <ADMINFIELD>0</ADMINFIELD>
     <NOTNULL>X</NOTNULL>
     <RESERVEDTE>D</RESERVEDTE>
     <COMPTYPE>E</COMPTYPE>
    </DD03P>
    <DD03P>
     <TABNAME>ZTEC_T_HC_VERS</TABNAME>
     <FIELDNAME>VERSION_GUID</FIELDNAME>
     <POSITION>0002</POSITION>
     <KEYFLAG>X</KEYFLAG>
     <ROLLNAME>ZTEC_HC_VERSION_GUID</ROLLNAME>
     <ADMINFIELD>0</ADMINFIELD>
     <NOTNULL>X</NOTNULL>
     <COMPTYPE>E</COMPTYPE>
    </DD03P>
    <DD03P>
     <TABNAME>ZTEC_T_HC_VERS</TABNAME>
     <FIELDNAME>REPID</FIELDNAME>
     <POSITION>0003</POSITION>
     <ROLLNAME>REPID</ROLLNAME>
     <ADMINFIELD>0</ADMINFIELD>
     <SHLPORIGIN>X</SHLPORIGIN>
     <COMPTYPE>E</COMPTYPE>
    </DD03P>
    <DD03P>
     <TABNAME>ZTEC_T_HC_VERS</TABNAME>
     <FIELDNAME>VERSION_ID</FIELDNAME>
     <POSITION>0004</POSITION>
     <ROLLNAME>ZTEC_HC_VERSION_ID</ROLLNAME>
     <ADMINFIELD>0</ADMINFIELD>
     <COMPTYPE>E</COMPTYPE>
    </DD03P>
    <DD03P>
     <TABNAME>ZTEC_T_HC_VERS</TABNAME>
     <FIELDNAME>VERSION_PRIMARY</FIELDNAME>
     <POSITION>0005</POSITION>
     <ROLLNAME>ZTEC_HC_VERSION_PRIMARY</ROLLNAME>
     <ADMINFIELD>0</ADMINFIELD>
     <VALEXI>X</VALEXI>
     <SHLPORIGIN>F</SHLPORIGIN>
     <COMPTYPE>E</COMPTYPE>
    </DD03P>
    <DD03P>
     <TABNAME>ZTEC_T_HC_VERS</TABNAME>
     <FIELDNAME>CREATED_BY</FIELDNAME>
     <POSITION>0006</POSITION>
     <ROLLNAME>UNAME</ROLLNAME>
     <ADMINFIELD>0</ADMINFIELD>
     <COMPTYPE>E</COMPTYPE>
    </DD03P>
    <DD03P>
     <TABNAME>ZTEC_T_HC_VERS</TABNAME>
     <FIELDNAME>CREATED_AT</FIELDNAME>
     <POSITION>0007</POSITION>
     <ROLLNAME>TIMESTAMP</ROLLNAME>
     <ADMINFIELD>0</ADMINFIELD>
     <COMPTYPE>E</COMPTYPE>
    </DD03P>
    <DD03P>
     <TABNAME>ZTEC_T_HC_VERS</TABNAME>
     <FIELDNAME>CHANGED_BY</FIELDNAME>
     <POSITION>0008</POSITION>
     <ROLLNAME>UNAME</ROLLNAME>
     <ADMINFIELD>0</ADMINFIELD>
     <COMPTYPE>E</COMPTYPE>
    </DD03P>
    <DD03P>
     <TABNAME>ZTEC_T_HC_VERS</TABNAME>
     <FIELDNAME>CHANGED_AT</FIELDNAME>
     <POSITION>0009</POSITION>
     <ROLLNAME>TIMESTAMP</ROLLNAME>
     <ADMINFIELD>0</ADMINFIELD>
     <COMPTYPE>E</COMPTYPE>
    </DD03P>
   </DD03P_TABLE>
   <DD05M_TABLE/>
   <DD08V_TABLE/>
   <DD12V/>
   <DD17V/>
   <DD35V_TALE>
    <DD35V>
     <TABNAME>ZTEC_T_HC_VERS</TABNAME>
     <FIELDNAME>REPID</FIELDNAME>
     <SHLPNAME>ZTEC_HARCODE_REPID_HELP_VALUE</SHLPNAME>
    </DD35V>
   </DD35V_TALE>
   <DD36M>
    <DD36M>
     <TABNAME>ZTEC_T_HC_VERS</TABNAME>
     <FIELDNAME>REPID</FIELDNAME>
     <SHLPNAME>ZTEC_HARCODE_REPID_HELP_VALUE</SHLPNAME>
     <SHLPFIELD>REPID</SHLPFIELD>
     <FLPOSITION>0001</FLPOSITION>
     <SHTABLE>ZTEC_T_HC_VERS</SHTABLE>
     <SHFIELD>REPID</SHFIELD>
     <SHLPOUTPUT>X</SHLPOUTPUT>
     <ROLLNAME>REPID</ROLLNAME>
     <DOMNAME>PROGNAME</DOMNAME>
     <DATATYPE>CHAR</DATATYPE>
     <LENG>000040</LENG>
    </DD36M>
   </DD36M>
  </asx:values>
 </asx:abap>
</abapGit>
