﻿<?xml version="1.0" encoding="utf-8"?>
<abapGit version="v1.0.0" serializer="LCL_OBJECT_TTYP" serializer_version="v1.0.0">
 <asx:abap xmlns:asx="http://www.sap.com/abapxml" version="1.0">
  <asx:values>
   <DD40V>
    <TYPENAME>ZTEC_T_HC_ATTR_C_TT</TYPENAME>
    <DDLANGUAGE>F</DDLANGUAGE>
    <ROWTYPE>ZTEC_T_HC_ATTR_C</ROWTYPE>
    <ROWKIND>S</ROWKIND>
    <DATATYPE>STRU</DATATYPE>
    <ACCESSMODE>T</ACCESSMODE>
    <KEYDEF>K</KEYDEF>
    <KEYKIND>N</KEYKIND>
    <KEYFDCOUNT>0001</KEYFDCOUNT>
    <DDTEXT>Hardcode - ZTEC_T_HC_ATTR_C</DDTEXT>
   </DD40V>
   <DD42V>
    <DD42V>
     <TYPENAME>ZTEC_T_HC_ATTR_C_TT</TYPENAME>
     <KEYFDPOS>0001</KEYFDPOS>
     <ROWTYPEPOS>0003</ROWTYPEPOS>
     <KEYFIELD>SRTFD</KEYFIELD>
    </DD42V>
   </DD42V>
   <DD43V/>
  </asx:values>
 </asx:abap>
</abapGit>
