﻿<?xml version="1.0" encoding="utf-8"?>
<abapGit version="v1.0.0" serializer="LCL_OBJECT_TTYP" serializer_version="v1.0.0">
 <asx:abap xmlns:asx="http://www.sap.com/abapxml" version="1.0">
  <asx:values>
   <DD40V>
    <TYPENAME>ZTEC_R_HC_ATTRIBUTE_RANGE</TYPENAME>
    <DDLANGUAGE>F</DDLANGUAGE>
    <ROWTYPE>ZTEC_S_HC_ATTRIBUTE_RANGE</ROWTYPE>
    <ROWKIND>S</ROWKIND>
    <DATATYPE>STRU</DATATYPE>
    <ACCESSMODE>T</ACCESSMODE>
    <KEYDEF>D</KEYDEF>
    <KEYKIND>N</KEYKIND>
    <DDTEXT>Hardcode - Range Valeurs Attribut</DDTEXT>
    <TTYPKIND>R</TTYPKIND>
    <RANGE_CTYP>ZTEC_HC_ATTRIBUTE_LOW</RANGE_CTYP>
    <CTDATATYPE>CHAR</CTDATATYPE>
    <CTLENG>000255</CTLENG>
   </DD40V>
   <DD42V/>
   <DD43V/>
  </asx:values>
 </asx:abap>
</abapGit>
