﻿<?xml version="1.0" encoding="utf-8"?>
<abapGit version="v1.0.0" serializer="LCL_OBJECT_TABL" serializer_version="v1.0.0">
 <asx:abap xmlns:asx="http://www.sap.com/abapxml" version="1.0">
  <asx:values>
   <DD02V>
    <TABNAME>ZTEC_S_HC_ATTRIBUTE_VALUE</TABNAME>
    <DDLANGUAGE>F</DDLANGUAGE>
    <TABCLASS>INTTAB</TABCLASS>
    <LANGDEP>X</LANGDEP>
    <DDTEXT>Hardcode - Valeurs Attributs</DDTEXT>
    <EXCLASS>1</EXCLASS>
   </DD02V>
   <DD03P_TABLE>
    <DD03P>
     <TABNAME>ZTEC_S_HC_ATTRIBUTE_VALUE</TABNAME>
     <FIELDNAME>.INCLUDE</FIELDNAME>
     <DDLANGUAGE>F</DDLANGUAGE>
     <POSITION>0001</POSITION>
     <ADMINFIELD>0</ADMINFIELD>
     <PRECFIELD>ZTEC_S_HC_ATTRIBUTE_VALUE_KEY</PRECFIELD>
     <MASK>      S</MASK>
     <DDTEXT>Hardcode - Clefs Valeurs Attributs</DDTEXT>
     <COMPTYPE>S</COMPTYPE>
    </DD03P>
    <DD03P>
     <TABNAME>ZTEC_S_HC_ATTRIBUTE_VALUE</TABNAME>
     <FIELDNAME>RANGE</FIELDNAME>
     <POSITION>0006</POSITION>
     <ROLLNAME>ZTEC_R_HC_ATTRIBUTE_RANGE</ROLLNAME>
     <ADMINFIELD>0</ADMINFIELD>
     <DATATYPE>TTYP</DATATYPE>
     <MASK>  TTYPL</MASK>
     <COMPTYPE>L</COMPTYPE>
    </DD03P>
    <DD03P>
     <TABNAME>ZTEC_S_HC_ATTRIBUTE_VALUE</TABNAME>
     <FIELDNAME>SOURCE_CODE</FIELDNAME>
     <POSITION>0007</POSITION>
     <ROLLNAME>STRINGTAB</ROLLNAME>
     <ADMINFIELD>0</ADMINFIELD>
     <DATATYPE>TTYP</DATATYPE>
     <MASK>  TTYPL</MASK>
     <COMPTYPE>L</COMPTYPE>
    </DD03P>
   </DD03P_TABLE>
   <DD05M_TABLE/>
   <DD08V_TABLE/>
   <DD12V/>
   <DD17V/>
   <DD35V_TALE/>
   <DD36M/>
  </asx:values>
 </asx:abap>
</abapGit>
