﻿<?xml version="1.0" encoding="utf-8"?>
<abapGit version="v1.0.0" serializer="LCL_OBJECT_DTEL" serializer_version="v1.0.0">
 <asx:abap xmlns:asx="http://www.sap.com/abapxml" version="1.0">
  <asx:values>
   <DD04V>
    <ROLLNAME>ZTEC_HC_ATTRIBUTE_GUID</ROLLNAME>
    <DDLANGUAGE>F</DDLANGUAGE>
    <DOMNAME>SYSUUID_C32</DOMNAME>
    <HEADLEN>32</HEADLEN>
    <SCRLEN1>10</SCRLEN1>
    <SCRLEN2>15</SCRLEN2>
    <SCRLEN3>20</SCRLEN3>
    <DDTEXT>Hardcode - Attribut - GUID</DDTEXT>
    <REPTEXT>Attribut GUID</REPTEXT>
    <SCRTEXT_S>Attr GUID</SCRTEXT_S>
    <SCRTEXT_M>Attribut GUID</SCRTEXT_M>
    <SCRTEXT_L>Attribut GUID</SCRTEXT_L>
    <DTELMASTER>F</DTELMASTER>
    <REFKIND>D</REFKIND>
   </DD04V>
   <TPARA/>
  </asx:values>
 </asx:abap>
</abapGit>
