﻿<?xml version="1.0" encoding="utf-8"?>
<abapGit version="v1.0.0" serializer="LCL_OBJECT_DTEL" serializer_version="v1.0.0">
 <asx:abap xmlns:asx="http://www.sap.com/abapxml" version="1.0">
  <asx:values>
   <DD04V>
    <ROLLNAME>ZTEC_HC_ATTRIBUTE_LOW</ROLLNAME>
    <DDLANGUAGE>F</DDLANGUAGE>
    <DOMNAME>TEXT255</DOMNAME>
    <HEADLEN>16</HEADLEN>
    <SCRLEN1>10</SCRLEN1>
    <SCRLEN2>15</SCRLEN2>
    <SCRLEN3>20</SCRLEN3>
    <DDTEXT>Hardcode - Attribut - Zone LOW</DDTEXT>
    <REPTEXT>Limite inférieur</REPTEXT>
    <SCRTEXT_S>LOW</SCRTEXT_S>
    <SCRTEXT_M>Limite inf.</SCRTEXT_M>
    <SCRTEXT_L>Limite inférieur</SCRTEXT_L>
    <DTELMASTER>F</DTELMASTER>
    <REFKIND>D</REFKIND>
   </DD04V>
   <TPARA/>
  </asx:values>
 </asx:abap>
</abapGit>
