﻿<?xml version="1.0" encoding="utf-8"?>
<abapGit version="v1.0.0" serializer="LCL_OBJECT_TABL" serializer_version="v1.0.0">
 <asx:abap xmlns:asx="http://www.sap.com/abapxml" version="1.0">
  <asx:values>
   <DD02V>
    <TABNAME>ZTEC_T_HC_ATTR</TABNAME>
    <DDLANGUAGE>F</DDLANGUAGE>
    <TABCLASS>TRANSP</TABCLASS>
    <CLIDEP>X</CLIDEP>
    <DDTEXT>Hardcode - Table des Attributs</DDTEXT>
    <CONTFLAG>C</CONTFLAG>
    <EXCLASS>1</EXCLASS>
   </DD02V>
   <DD09L>
    <TABNAME>ZTEC_T_HC_ATTR</TABNAME>
    <AS4LOCAL>A</AS4LOCAL>
    <TABKAT>0</TABKAT>
    <TABART>APPL0</TABART>
    <PUFFERUNG>X</PUFFERUNG>
    <BUFALLOW>X</BUFALLOW>
    <JAVAONLY>X</JAVAONLY>
    <ROWORCOLST>C</ROWORCOLST>
   </DD09L>
   <DD03P_TABLE>
    <DD03P>
     <TABNAME>ZTEC_T_HC_ATTR</TABNAME>
     <FIELDNAME>MANDT</FIELDNAME>
     <POSITION>0001</POSITION>
     <KEYFLAG>X</KEYFLAG>
     <ROLLNAME>MANDT</ROLLNAME>
     <ADMINFIELD>0</ADMINFIELD>
     <NOTNULL>X</NOTNULL>
     <RESERVEDTE>D</RESERVEDTE>
     <COMPTYPE>E</COMPTYPE>
    </DD03P>
    <DD03P>
     <TABNAME>ZTEC_T_HC_ATTR</TABNAME>
     <FIELDNAME>ATTRIBUTE_GUID_REGROUP</FIELDNAME>
     <POSITION>0002</POSITION>
     <KEYFLAG>X</KEYFLAG>
     <ROLLNAME>ZTEC_HC_ATTRIBUTE_GUID_REGROUP</ROLLNAME>
     <ADMINFIELD>0</ADMINFIELD>
     <NOTNULL>X</NOTNULL>
     <COMPTYPE>E</COMPTYPE>
    </DD03P>
    <DD03P>
     <TABNAME>ZTEC_T_HC_ATTR</TABNAME>
     <FIELDNAME>ATTRIBUTE_GUID</FIELDNAME>
     <POSITION>0003</POSITION>
     <KEYFLAG>X</KEYFLAG>
     <ROLLNAME>ZTEC_HC_ATTRIBUTE_GUID</ROLLNAME>
     <ADMINFIELD>0</ADMINFIELD>
     <NOTNULL>X</NOTNULL>
     <COMPTYPE>E</COMPTYPE>
    </DD03P>
    <DD03P>
     <TABNAME>ZTEC_T_HC_ATTR</TABNAME>
     <FIELDNAME>ATTRIBUTE_NAME</FIELDNAME>
     <POSITION>0004</POSITION>
     <ROLLNAME>ZTEC_HC_ATTRIBUTE_NAME</ROLLNAME>
     <ADMINFIELD>0</ADMINFIELD>
     <COMPTYPE>E</COMPTYPE>
    </DD03P>
    <DD03P>
     <TABNAME>ZTEC_T_HC_ATTR</TABNAME>
     <FIELDNAME>PARAMETER_GUID</FIELDNAME>
     <POSITION>0005</POSITION>
     <ROLLNAME>ZTEC_HC_PARAMETER_GUID</ROLLNAME>
     <ADMINFIELD>0</ADMINFIELD>
     <COMPTYPE>E</COMPTYPE>
    </DD03P>
    <DD03P>
     <TABNAME>ZTEC_T_HC_ATTR</TABNAME>
     <FIELDNAME>ATTRIBUTE_KEY1</FIELDNAME>
     <POSITION>0006</POSITION>
     <ROLLNAME>ZTEC_HC_ATTRIBUTE_KEY</ROLLNAME>
     <ADMINFIELD>0</ADMINFIELD>
     <COMPTYPE>E</COMPTYPE>
    </DD03P>
    <DD03P>
     <TABNAME>ZTEC_T_HC_ATTR</TABNAME>
     <FIELDNAME>ATTRIBUTE_KEY2</FIELDNAME>
     <POSITION>0007</POSITION>
     <ROLLNAME>ZTEC_HC_ATTRIBUTE_KEY</ROLLNAME>
     <ADMINFIELD>0</ADMINFIELD>
     <COMPTYPE>E</COMPTYPE>
    </DD03P>
    <DD03P>
     <TABNAME>ZTEC_T_HC_ATTR</TABNAME>
     <FIELDNAME>ATTRIBUTE_KEY3</FIELDNAME>
     <POSITION>0008</POSITION>
     <ROLLNAME>ZTEC_HC_ATTRIBUTE_KEY</ROLLNAME>
     <ADMINFIELD>0</ADMINFIELD>
     <COMPTYPE>E</COMPTYPE>
    </DD03P>
    <DD03P>
     <TABNAME>ZTEC_T_HC_ATTR</TABNAME>
     <FIELDNAME>ATTRIBUTE_KEY4</FIELDNAME>
     <POSITION>0009</POSITION>
     <ROLLNAME>ZTEC_HC_ATTRIBUTE_KEY</ROLLNAME>
     <ADMINFIELD>0</ADMINFIELD>
     <COMPTYPE>E</COMPTYPE>
    </DD03P>
    <DD03P>
     <TABNAME>ZTEC_T_HC_ATTR</TABNAME>
     <FIELDNAME>ATTRIBUTE_SIGN</FIELDNAME>
     <POSITION>0010</POSITION>
     <ROLLNAME>DDSIGN</ROLLNAME>
     <ADMINFIELD>0</ADMINFIELD>
     <VALEXI>X</VALEXI>
     <SHLPORIGIN>F</SHLPORIGIN>
     <COMPTYPE>E</COMPTYPE>
    </DD03P>
    <DD03P>
     <TABNAME>ZTEC_T_HC_ATTR</TABNAME>
     <FIELDNAME>ATTRIBUTE_OPTI</FIELDNAME>
     <POSITION>0011</POSITION>
     <ROLLNAME>DDOPTION</ROLLNAME>
     <ADMINFIELD>0</ADMINFIELD>
     <VALEXI>X</VALEXI>
     <SHLPORIGIN>F</SHLPORIGIN>
     <COMPTYPE>E</COMPTYPE>
    </DD03P>
    <DD03P>
     <TABNAME>ZTEC_T_HC_ATTR</TABNAME>
     <FIELDNAME>ATTRIBUTE_LOW</FIELDNAME>
     <POSITION>0012</POSITION>
     <ROLLNAME>ZTEC_HC_ATTRIBUTE_LOW</ROLLNAME>
     <ADMINFIELD>0</ADMINFIELD>
     <COMPTYPE>E</COMPTYPE>
    </DD03P>
    <DD03P>
     <TABNAME>ZTEC_T_HC_ATTR</TABNAME>
     <FIELDNAME>ATTRIBUTE_HIGH</FIELDNAME>
     <POSITION>0013</POSITION>
     <ROLLNAME>ZTEC_HC_ATTRIBUTE_HIGH</ROLLNAME>
     <ADMINFIELD>0</ADMINFIELD>
     <COMPTYPE>E</COMPTYPE>
    </DD03P>
    <DD03P>
     <TABNAME>ZTEC_T_HC_ATTR</TABNAME>
     <FIELDNAME>ATTRIBUTE_AS_RANGE</FIELDNAME>
     <POSITION>0014</POSITION>
     <ROLLNAME>XSDBOOLEAN</ROLLNAME>
     <ADMINFIELD>0</ADMINFIELD>
     <VALEXI>X</VALEXI>
     <SHLPORIGIN>F</SHLPORIGIN>
     <COMPTYPE>E</COMPTYPE>
    </DD03P>
    <DD03P>
     <TABNAME>ZTEC_T_HC_ATTR</TABNAME>
     <FIELDNAME>ATTRIBUTE_AS_SOURCE_CODE</FIELDNAME>
     <POSITION>0015</POSITION>
     <ROLLNAME>XSDBOOLEAN</ROLLNAME>
     <ADMINFIELD>0</ADMINFIELD>
     <VALEXI>X</VALEXI>
     <SHLPORIGIN>F</SHLPORIGIN>
     <COMPTYPE>E</COMPTYPE>
    </DD03P>
    <DD03P>
     <TABNAME>ZTEC_T_HC_ATTR</TABNAME>
     <FIELDNAME>CREATED_BY</FIELDNAME>
     <POSITION>0016</POSITION>
     <ROLLNAME>UNAME</ROLLNAME>
     <ADMINFIELD>0</ADMINFIELD>
     <COMPTYPE>E</COMPTYPE>
    </DD03P>
    <DD03P>
     <TABNAME>ZTEC_T_HC_ATTR</TABNAME>
     <FIELDNAME>CREATED_AT</FIELDNAME>
     <POSITION>0017</POSITION>
     <ROLLNAME>TIMESTAMP</ROLLNAME>
     <ADMINFIELD>0</ADMINFIELD>
     <COMPTYPE>E</COMPTYPE>
    </DD03P>
    <DD03P>
     <TABNAME>ZTEC_T_HC_ATTR</TABNAME>
     <FIELDNAME>CHANGED_BY</FIELDNAME>
     <POSITION>0018</POSITION>
     <ROLLNAME>UNAME</ROLLNAME>
     <ADMINFIELD>0</ADMINFIELD>
     <COMPTYPE>E</COMPTYPE>
    </DD03P>
    <DD03P>
     <TABNAME>ZTEC_T_HC_ATTR</TABNAME>
     <FIELDNAME>CHANGED_AT</FIELDNAME>
     <POSITION>0019</POSITION>
     <ROLLNAME>TIMESTAMP</ROLLNAME>
     <ADMINFIELD>0</ADMINFIELD>
     <COMPTYPE>E</COMPTYPE>
    </DD03P>
   </DD03P_TABLE>
   <DD05M_TABLE/>
   <DD08V_TABLE/>
   <DD12V/>
   <DD17V/>
   <DD35V_TALE/>
   <DD36M/>
  </asx:values>
 </asx:abap>
</abapGit>
