﻿<?xml version="1.0" encoding="utf-8"?>
<abapGit version="v1.0.0" serializer="LCL_OBJECT_VIEW" serializer_version="v1.0.0">
 <asx:abap xmlns:asx="http://www.sap.com/abapxml" version="1.0">
  <asx:values>
   <DD25V>
    <VIEWNAME>ZVTEC_T_HC</VIEWNAME>
    <AS4LOCAL>A</AS4LOCAL>
    <DDLANGUAGE>F</DDLANGUAGE>
    <AGGTYPE>V</AGGTYPE>
    <ROOTTAB>ZTEC_T_HC_VERS</ROOTTAB>
    <DDTEXT>Hardcode - Vue exploitation</DDTEXT>
    <VIEWCLASS>D</VIEWCLASS>
    <VIEWGRANT>R</VIEWGRANT>
   </DD25V>
   <DD09L>
    <TABNAME>ZVTEC_T_HC</TABNAME>
    <AS4LOCAL>A</AS4LOCAL>
    <BUFALLOW>N</BUFALLOW>
   </DD09L>
   <DD26V_TABLE>
    <DD26V>
     <VIEWNAME>ZVTEC_T_HC</VIEWNAME>
     <TABNAME>ZTEC_T_HC_VERS</TABNAME>
     <TABPOS>0001</TABPOS>
     <FORTABNAME>ZTEC_T_HC_VERS</FORTABNAME>
    </DD26V>
    <DD26V>
     <VIEWNAME>ZVTEC_T_HC</VIEWNAME>
     <TABNAME>ZTEC_T_HC_PARAM</TABNAME>
     <TABPOS>0002</TABPOS>
    </DD26V>
    <DD26V>
     <VIEWNAME>ZVTEC_T_HC</VIEWNAME>
     <TABNAME>ZTEC_T_HC_ATTR</TABNAME>
     <TABPOS>0003</TABPOS>
    </DD26V>
   </DD26V_TABLE>
   <DD27P_TABLE>
    <DD27P>
     <VIEWNAME>ZVTEC_T_HC</VIEWNAME>
     <OBJPOS>0001</OBJPOS>
     <DDLANGUAGE>F</DDLANGUAGE>
     <VIEWFIELD>MANDT</VIEWFIELD>
     <TABNAME>ZTEC_T_HC_VERS</TABNAME>
     <FIELDNAME>MANDT</FIELDNAME>
     <KEYFLAG>X</KEYFLAG>
     <ROLLNAME>MANDT</ROLLNAME>
     <ROLLNAMEVI>MANDT</ROLLNAMEVI>
    </DD27P>
    <DD27P>
     <VIEWNAME>ZVTEC_T_HC</VIEWNAME>
     <OBJPOS>0002</OBJPOS>
     <DDLANGUAGE>F</DDLANGUAGE>
     <VIEWFIELD>VERSION_GUID</VIEWFIELD>
     <TABNAME>ZTEC_T_HC_VERS</TABNAME>
     <FIELDNAME>VERSION_GUID</FIELDNAME>
     <KEYFLAG>X</KEYFLAG>
     <ROLLNAME>ZTEC_HC_VERSION_GUID</ROLLNAME>
     <ROLLNAMEVI>ZTEC_HC_VERSION_GUID</ROLLNAMEVI>
    </DD27P>
    <DD27P>
     <VIEWNAME>ZVTEC_T_HC</VIEWNAME>
     <OBJPOS>0003</OBJPOS>
     <DDLANGUAGE>F</DDLANGUAGE>
     <VIEWFIELD>PARAMETER_GUID</VIEWFIELD>
     <TABNAME>ZTEC_T_HC_PARAM</TABNAME>
     <FIELDNAME>PARAMETER_GUID</FIELDNAME>
     <KEYFLAG>X</KEYFLAG>
     <ROLLNAME>ZTEC_HC_PARAMETER_GUID</ROLLNAME>
     <ROLLNAMEVI>ZTEC_HC_PARAMETER_GUID</ROLLNAMEVI>
    </DD27P>
    <DD27P>
     <VIEWNAME>ZVTEC_T_HC</VIEWNAME>
     <OBJPOS>0004</OBJPOS>
     <DDLANGUAGE>F</DDLANGUAGE>
     <VIEWFIELD>ATTRIBUTE_GUID_REGROUP</VIEWFIELD>
     <TABNAME>ZTEC_T_HC_ATTR</TABNAME>
     <FIELDNAME>ATTRIBUTE_GUID_REGROUP</FIELDNAME>
     <KEYFLAG>X</KEYFLAG>
     <ROLLNAME>ZTEC_HC_ATTRIBUTE_GUID_REGROUP</ROLLNAME>
     <ROLLNAMEVI>ZTEC_HC_ATTRIBUTE_GUID_REGROUP</ROLLNAMEVI>
    </DD27P>
    <DD27P>
     <VIEWNAME>ZVTEC_T_HC</VIEWNAME>
     <OBJPOS>0005</OBJPOS>
     <DDLANGUAGE>F</DDLANGUAGE>
     <VIEWFIELD>ATTRIBUTE_GUID</VIEWFIELD>
     <TABNAME>ZTEC_T_HC_ATTR</TABNAME>
     <FIELDNAME>ATTRIBUTE_GUID</FIELDNAME>
     <KEYFLAG>X</KEYFLAG>
     <ROLLNAME>ZTEC_HC_ATTRIBUTE_GUID</ROLLNAME>
     <ROLLNAMEVI>ZTEC_HC_ATTRIBUTE_GUID</ROLLNAMEVI>
    </DD27P>
    <DD27P>
     <VIEWNAME>ZVTEC_T_HC</VIEWNAME>
     <OBJPOS>0006</OBJPOS>
     <DDLANGUAGE>F</DDLANGUAGE>
     <VIEWFIELD>REPID</VIEWFIELD>
     <TABNAME>ZTEC_T_HC_VERS</TABNAME>
     <FIELDNAME>REPID</FIELDNAME>
     <ROLLNAME>REPID</ROLLNAME>
     <ROLLNAMEVI>REPID</ROLLNAMEVI>
     <SHLPORIGIN>X</SHLPORIGIN>
    </DD27P>
    <DD27P>
     <VIEWNAME>ZVTEC_T_HC</VIEWNAME>
     <OBJPOS>0007</OBJPOS>
     <DDLANGUAGE>F</DDLANGUAGE>
     <VIEWFIELD>VERSION_ID</VIEWFIELD>
     <TABNAME>ZTEC_T_HC_VERS</TABNAME>
     <FIELDNAME>VERSION_ID</FIELDNAME>
     <ROLLNAME>ZTEC_HC_VERSION_ID</ROLLNAME>
     <ROLLNAMEVI>ZTEC_HC_VERSION_ID</ROLLNAMEVI>
    </DD27P>
    <DD27P>
     <VIEWNAME>ZVTEC_T_HC</VIEWNAME>
     <OBJPOS>0008</OBJPOS>
     <DDLANGUAGE>F</DDLANGUAGE>
     <VIEWFIELD>VERSION_PRIMARY</VIEWFIELD>
     <TABNAME>ZTEC_T_HC_VERS</TABNAME>
     <FIELDNAME>VERSION_PRIMARY</FIELDNAME>
     <ROLLNAME>ZTEC_HC_VERSION_PRIMARY</ROLLNAME>
     <ROLLNAMEVI>ZTEC_HC_VERSION_PRIMARY</ROLLNAMEVI>
     <SHLPORIGIN>F</SHLPORIGIN>
     <VALEXI>X</VALEXI>
    </DD27P>
    <DD27P>
     <VIEWNAME>ZVTEC_T_HC</VIEWNAME>
     <OBJPOS>0009</OBJPOS>
     <DDLANGUAGE>F</DDLANGUAGE>
     <VIEWFIELD>PARAMETER_NAME</VIEWFIELD>
     <TABNAME>ZTEC_T_HC_PARAM</TABNAME>
     <FIELDNAME>PARAMETER_NAME</FIELDNAME>
     <ROLLNAME>ZTEC_HC_PARAMETER_NAME</ROLLNAME>
     <ROLLNAMEVI>ZTEC_HC_PARAMETER_NAME</ROLLNAMEVI>
    </DD27P>
    <DD27P>
     <VIEWNAME>ZVTEC_T_HC</VIEWNAME>
     <OBJPOS>0010</OBJPOS>
     <DDLANGUAGE>F</DDLANGUAGE>
     <VIEWFIELD>ATTRIBUTE_NAME</VIEWFIELD>
     <TABNAME>ZTEC_T_HC_ATTR</TABNAME>
     <FIELDNAME>ATTRIBUTE_NAME</FIELDNAME>
     <ROLLNAME>ZTEC_HC_ATTRIBUTE_NAME</ROLLNAME>
     <ROLLNAMEVI>ZTEC_HC_ATTRIBUTE_NAME</ROLLNAMEVI>
    </DD27P>
    <DD27P>
     <VIEWNAME>ZVTEC_T_HC</VIEWNAME>
     <OBJPOS>0011</OBJPOS>
     <DDLANGUAGE>F</DDLANGUAGE>
     <VIEWFIELD>ATTRIBUTE_KEY1</VIEWFIELD>
     <TABNAME>ZTEC_T_HC_ATTR</TABNAME>
     <FIELDNAME>ATTRIBUTE_KEY1</FIELDNAME>
     <ROLLNAME>ZTEC_HC_ATTRIBUTE_KEY</ROLLNAME>
     <ROLLNAMEVI>ZTEC_HC_ATTRIBUTE_KEY</ROLLNAMEVI>
    </DD27P>
    <DD27P>
     <VIEWNAME>ZVTEC_T_HC</VIEWNAME>
     <OBJPOS>0012</OBJPOS>
     <DDLANGUAGE>F</DDLANGUAGE>
     <VIEWFIELD>ATTRIBUTE_KEY2</VIEWFIELD>
     <TABNAME>ZTEC_T_HC_ATTR</TABNAME>
     <FIELDNAME>ATTRIBUTE_KEY2</FIELDNAME>
     <ROLLNAME>ZTEC_HC_ATTRIBUTE_KEY</ROLLNAME>
     <ROLLNAMEVI>ZTEC_HC_ATTRIBUTE_KEY</ROLLNAMEVI>
    </DD27P>
    <DD27P>
     <VIEWNAME>ZVTEC_T_HC</VIEWNAME>
     <OBJPOS>0013</OBJPOS>
     <DDLANGUAGE>F</DDLANGUAGE>
     <VIEWFIELD>ATTRIBUTE_KEY3</VIEWFIELD>
     <TABNAME>ZTEC_T_HC_ATTR</TABNAME>
     <FIELDNAME>ATTRIBUTE_KEY3</FIELDNAME>
     <ROLLNAME>ZTEC_HC_ATTRIBUTE_KEY</ROLLNAME>
     <ROLLNAMEVI>ZTEC_HC_ATTRIBUTE_KEY</ROLLNAMEVI>
    </DD27P>
    <DD27P>
     <VIEWNAME>ZVTEC_T_HC</VIEWNAME>
     <OBJPOS>0014</OBJPOS>
     <DDLANGUAGE>F</DDLANGUAGE>
     <VIEWFIELD>ATTRIBUTE_KEY4</VIEWFIELD>
     <TABNAME>ZTEC_T_HC_ATTR</TABNAME>
     <FIELDNAME>ATTRIBUTE_KEY4</FIELDNAME>
     <ROLLNAME>ZTEC_HC_ATTRIBUTE_KEY</ROLLNAME>
     <ROLLNAMEVI>ZTEC_HC_ATTRIBUTE_KEY</ROLLNAMEVI>
    </DD27P>
    <DD27P>
     <VIEWNAME>ZVTEC_T_HC</VIEWNAME>
     <OBJPOS>0015</OBJPOS>
     <DDLANGUAGE>F</DDLANGUAGE>
     <VIEWFIELD>ATTRIBUTE_SIGN</VIEWFIELD>
     <TABNAME>ZTEC_T_HC_ATTR</TABNAME>
     <FIELDNAME>ATTRIBUTE_SIGN</FIELDNAME>
     <ROLLNAME>DDSIGN</ROLLNAME>
     <ROLLNAMEVI>DDSIGN</ROLLNAMEVI>
     <SHLPORIGIN>F</SHLPORIGIN>
     <VALEXI>X</VALEXI>
    </DD27P>
    <DD27P>
     <VIEWNAME>ZVTEC_T_HC</VIEWNAME>
     <OBJPOS>0016</OBJPOS>
     <DDLANGUAGE>F</DDLANGUAGE>
     <VIEWFIELD>ATTRIBUTE_OPTI</VIEWFIELD>
     <TABNAME>ZTEC_T_HC_ATTR</TABNAME>
     <FIELDNAME>ATTRIBUTE_OPTI</FIELDNAME>
     <ROLLNAME>DDOPTION</ROLLNAME>
     <ROLLNAMEVI>DDOPTION</ROLLNAMEVI>
     <SHLPORIGIN>F</SHLPORIGIN>
     <VALEXI>X</VALEXI>
    </DD27P>
    <DD27P>
     <VIEWNAME>ZVTEC_T_HC</VIEWNAME>
     <OBJPOS>0017</OBJPOS>
     <DDLANGUAGE>F</DDLANGUAGE>
     <VIEWFIELD>ATTRIBUTE_LOW</VIEWFIELD>
     <TABNAME>ZTEC_T_HC_ATTR</TABNAME>
     <FIELDNAME>ATTRIBUTE_LOW</FIELDNAME>
     <ROLLNAME>ZTEC_HC_ATTRIBUTE_LOW</ROLLNAME>
     <ROLLNAMEVI>ZTEC_HC_ATTRIBUTE_LOW</ROLLNAMEVI>
    </DD27P>
    <DD27P>
     <VIEWNAME>ZVTEC_T_HC</VIEWNAME>
     <OBJPOS>0018</OBJPOS>
     <DDLANGUAGE>F</DDLANGUAGE>
     <VIEWFIELD>ATTRIBUTE_HIGH</VIEWFIELD>
     <TABNAME>ZTEC_T_HC_ATTR</TABNAME>
     <FIELDNAME>ATTRIBUTE_HIGH</FIELDNAME>
     <ROLLNAME>ZTEC_HC_ATTRIBUTE_HIGH</ROLLNAME>
     <ROLLNAMEVI>ZTEC_HC_ATTRIBUTE_HIGH</ROLLNAMEVI>
    </DD27P>
    <DD27P>
     <VIEWNAME>ZVTEC_T_HC</VIEWNAME>
     <OBJPOS>0019</OBJPOS>
     <DDLANGUAGE>F</DDLANGUAGE>
     <VIEWFIELD>ATTRIBUTE_AS_RANGE</VIEWFIELD>
     <TABNAME>ZTEC_T_HC_ATTR</TABNAME>
     <FIELDNAME>ATTRIBUTE_AS_RANGE</FIELDNAME>
     <ROLLNAME>XSDBOOLEAN</ROLLNAME>
     <ROLLNAMEVI>XSDBOOLEAN</ROLLNAMEVI>
     <SHLPORIGIN>F</SHLPORIGIN>
     <VALEXI>X</VALEXI>
    </DD27P>
    <DD27P>
     <VIEWNAME>ZVTEC_T_HC</VIEWNAME>
     <OBJPOS>0020</OBJPOS>
     <DDLANGUAGE>F</DDLANGUAGE>
     <VIEWFIELD>ATTRIBUTE_AS_SOURCE_CODE</VIEWFIELD>
     <TABNAME>ZTEC_T_HC_ATTR</TABNAME>
     <FIELDNAME>ATTRIBUTE_AS_SOURCE_CODE</FIELDNAME>
     <ROLLNAME>XSDBOOLEAN</ROLLNAME>
     <ROLLNAMEVI>XSDBOOLEAN</ROLLNAMEVI>
     <SHLPORIGIN>F</SHLPORIGIN>
     <VALEXI>X</VALEXI>
    </DD27P>
   </DD27P_TABLE>
   <DD28J_TABLE>
    <DD28J>
     <VIEWNAME>ZVTEC_T_HC</VIEWNAME>
     <LTAB>ZTEC_T_HC_PARAM</LTAB>
     <LFIELD>MANDT</LFIELD>
     <OPERATOR>EQ</OPERATOR>
     <RTAB>ZTEC_T_HC_VERS</RTAB>
     <RFIELD>MANDT</RFIELD>
     <SOURCE>S</SOURCE>
    </DD28J>
    <DD28J>
     <VIEWNAME>ZVTEC_T_HC</VIEWNAME>
     <LTAB>ZTEC_T_HC_PARAM</LTAB>
     <LFIELD>VERSION_GUID</LFIELD>
     <OPERATOR>EQ</OPERATOR>
     <RTAB>ZTEC_T_HC_VERS</RTAB>
     <RFIELD>VERSION_GUID</RFIELD>
     <SOURCE>S</SOURCE>
    </DD28J>
    <DD28J>
     <VIEWNAME>ZVTEC_T_HC</VIEWNAME>
     <LTAB>ZTEC_T_HC_ATTR</LTAB>
     <LFIELD>MANDT</LFIELD>
     <OPERATOR>EQ</OPERATOR>
     <RTAB>ZTEC_T_HC_PARAM</RTAB>
     <RFIELD>MANDT</RFIELD>
     <SOURCE>S</SOURCE>
    </DD28J>
    <DD28J>
     <VIEWNAME>ZVTEC_T_HC</VIEWNAME>
     <LTAB>ZTEC_T_HC_ATTR</LTAB>
     <LFIELD>PARAMETER_GUID</LFIELD>
     <OPERATOR>EQ</OPERATOR>
     <RTAB>ZTEC_T_HC_PARAM</RTAB>
     <RFIELD>PARAMETER_GUID</RFIELD>
     <SOURCE>S</SOURCE>
    </DD28J>
   </DD28J_TABLE>
   <DD28V_TABLE/>
  </asx:values>
 </asx:abap>
</abapGit>
